movieId,title,genres,imdbId,tmdbId,imageLink
1,Toy Story (1995),Adventure|Animation|Children|Comedy|Fantasy,114709,862.0,https://image.tmdb.org/t/p/w500/uXDfjJbdP4ijW5hWSBrPrlKpxab.jpg
2,Jumanji (1995),Adventure|Children|Fantasy,113497,8844.0,https://image.tmdb.org/t/p/w500/vgpXmVaVyUL7GGiDeiK1mKEKzcX.jpg
3,Grumpier Old Men (1995),Comedy|Romance,113228,15602.0,https://image.tmdb.org/t/p/w500/1FSXpj5e8l4KH6nVFO5SPUeraOt.jpg
4,Waiting to Exhale (1995),Comedy|Drama|Romance,114885,31357.0,https://image.tmdb.org/t/p/w500/qJU6rfil5xLVb5HpJsmmfeSK254.jpg
5,Father of the Bride Part II (1995),Comedy,113041,11862.0,https://image.tmdb.org/t/p/w500/rj4LBtwQ0uGrpBnCELr716Qo3mw.jpg
6,Heat (1995),Action|Crime|Thriller,113277,949.0,https://image.tmdb.org/t/p/w500/umSVjVdbVwtx5ryCA2QXL44Durm.jpg
7,Sabrina (1995),Comedy|Romance,114319,11860.0,https://image.tmdb.org/t/p/w500/zENmHYYCsR6xgdyh2uHXPX4tyXE.jpg
8,Tom and Huck (1995),Adventure|Children,112302,45325.0,https://image.tmdb.org/t/p/w500/vIG8hWOa7DyLMRiurzKwVAnIYoU.jpg
9,Sudden Death (1995),Action,114576,9091.0,https://image.tmdb.org/t/p/w500/1pylO6YX5XdOA6QCc5IRxrrffkg.jpg
10,GoldenEye (1995),Action|Adventure|Thriller,113189,710.0,https://image.tmdb.org/t/p/w500/z0ljRnNxIO7CRBhLEO0DvLgAFPR.jpg
11,"American President, The (1995)",Comedy|Drama|Romance,112346,9087.0,https://image.tmdb.org/t/p/w500/yObOAYFIHXHkFPQ3jhgkN2ezaD.jpg
12,Dracula: Dead and Loving It (1995),Comedy|Horror,112896,12110.0,https://image.tmdb.org/t/p/w500/4rRfZz8YnHNRr16t3CFcJrPdXHi.jpg
13,Balto (1995),Adventure|Animation|Children,112453,21032.0,https://image.tmdb.org/t/p/w500/dCVcdb5oxDizqFLz0F7TE60NoC9.jpg
14,Nixon (1995),Drama,113987,10858.0,https://image.tmdb.org/t/p/w500/cz2MTGr2wpDZLirgV2rGHBdA2t3.jpg
15,Cutthroat Island (1995),Action|Adventure|Romance,112760,1408.0,https://image.tmdb.org/t/p/w500/cDYa1i5UzXWztO5ZUp4azv7ycPs.jpg
16,Casino (1995),Crime|Drama,112641,524.0,https://image.tmdb.org/t/p/w500/4TS5O1IP42bY2BvgMxL156EENy.jpg
17,Sense and Sensibility (1995),Drama|Romance,114388,4584.0,https://image.tmdb.org/t/p/w500/cBK2yL3HqhFvIVd7lLtazWlRZPR.jpg
18,Four Rooms (1995),Comedy,113101,5.0,https://image.tmdb.org/t/p/w500/75aHn1NOYXh4M7L5shoeQ6NGykP.jpg
19,Ace Ventura: When Nature Calls (1995),Comedy,112281,9273.0,https://image.tmdb.org/t/p/w500/wcinCf1ov2D6M3P7BBZkzQFOiIb.jpg
20,Money Train (1995),Action|Comedy|Crime|Drama|Thriller,113845,11517.0,https://image.tmdb.org/t/p/w500/jWBDz6Mf9aQVBiUS76JQsEhvoJl.jpg
21,Get Shorty (1995),Comedy|Crime|Thriller,113161,8012.0,https://image.tmdb.org/t/p/w500/r82SdPhg4fnIcLt0ogIjQxqjdcO.jpg
22,Copycat (1995),Crime|Drama|Horror|Mystery|Thriller,112722,1710.0,https://image.tmdb.org/t/p/w500/oMgwJb016znNZcpDR20eXxZoW8A.jpg
23,Assassins (1995),Action|Crime|Thriller,112401,9691.0,https://image.tmdb.org/t/p/w500/kgqS4jn60E8UIExfceMUExB3ZKK.jpg
24,Powder (1995),Drama|Sci-Fi,114168,12665.0,https://image.tmdb.org/t/p/w500/kImKATjY4EsK5MDgrmpJdGbQEbq.jpg
25,Leaving Las Vegas (1995),Drama|Romance,113627,451.0,https://image.tmdb.org/t/p/w500/wIfP6uLXD9Ptu68SyRx8WuSNNSK.jpg
26,Othello (1995),Drama,114057,16420.0,https://image.tmdb.org/t/p/w500/kyevuYzW36wKadiE8lftLac5VwQ.jpg
27,Now and Then (1995),Children|Drama,114011,9263.0,https://image.tmdb.org/t/p/w500/q31Ks8oAmM4Nq2CcGjyYYpdBAmh.jpg
28,Persuasion (1995),Drama|Romance,114117,17015.0,https://image.tmdb.org/t/p/w500/10hycdhFLq3M3y0ONxIMSiY8Mrs.jpg
29,"City of Lost Children, The (Cité des enfants perdus, La) (1995)",Adventure|Drama|Fantasy|Mystery|Sci-Fi,112682,902.0,https://image.tmdb.org/t/p/w500/whwT3Q9JxbAYzEc3t7uYYcCbTMf.jpg
30,Shanghai Triad (Yao a yao yao dao waipo qiao) (1995),Crime|Drama,115012,37557.0,https://image.tmdb.org/t/p/w500/tzG1UxUSfPACREjgBrsPDRUvneH.jpg
31,Dangerous Minds (1995),Drama,112792,9909.0,https://image.tmdb.org/t/p/w500/yWHWC8fJRp2kLgiFrEa8o3krOH9.jpg
32,Twelve Monkeys (a.k.a. 12 Monkeys) (1995),Mystery|Sci-Fi|Thriller,114746,63.0,https://image.tmdb.org/t/p/w500/gt3iyguaCIw8DpQZI1LIN5TohM2.jpg
34,Babe (1995),Children|Drama,112431,9598.0,https://image.tmdb.org/t/p/w500/zKuQMtnbVTz9DsOnOJmlW71v4qH.jpg
36,Dead Man Walking (1995),Crime|Drama,112818,687.0,https://image.tmdb.org/t/p/w500/eShxyjhWoFl3BwsuEmVsr4nLaMZ.jpg
38,It Takes Two (1995),Children|Comedy,113442,33689.0,https://image.tmdb.org/t/p/w500/4CptjFLiIJXtjc3dykS7vkEHMbw.jpg
39,Clueless (1995),Comedy|Romance,112697,9603.0,https://image.tmdb.org/t/p/w500/8AwVTcgpTnmeOs4TdTWqcFDXEsA.jpg
40,"Cry, the Beloved Country (1995)",Drama,112749,34615.0,https://image.tmdb.org/t/p/w500/kGPsBswFOCjiGzXq4OZwzEAAODa.jpg
41,Richard III (1995),Drama|War,114279,31174.0,https://image.tmdb.org/t/p/w500/aN2BcIH6rvGbYiRQCS8lxOdeeVQ.jpg
42,Dead Presidents (1995),Action|Crime|Drama,112819,11443.0,https://image.tmdb.org/t/p/w500/wRLepMZoUCwjLFb1WSbuUT6uVWR.jpg
43,Restoration (1995),Drama,114272,35196.0,https://image.tmdb.org/t/p/w500/d7udB1dbJ2zAewg4FjFFnPq8iow.jpg
44,Mortal Kombat (1995),Action|Adventure|Fantasy,113855,9312.0,https://image.tmdb.org/t/p/w500/aVotlc03uy62YJUFGxlQUF7FZXV.jpg
45,To Die For (1995),Comedy|Drama|Thriller,114681,577.0,https://image.tmdb.org/t/p/w500/whz4bwvqE1OmQHIyqHdZD8jU9CO.jpg
46,How to Make an American Quilt (1995),Drama|Romance,113347,11861.0,https://image.tmdb.org/t/p/w500/vwYRaERccwXWCYrTzeWRZRarJOo.jpg
47,Seven (a.k.a. Se7en) (1995),Mystery|Thriller,114369,807.0,https://image.tmdb.org/t/p/w500/191nKfP0ehp3uIvWqgPbFmI4lv9.jpg
48,Pocahontas (1995),Animation|Children|Drama|Musical|Romance,114148,10530.0,https://image.tmdb.org/t/p/w500/kZ1ft0QZ4e3zDUPMBftEkwI9ftd.jpg
49,When Night Is Falling (1995),Drama|Romance,114916,8391.0,https://image.tmdb.org/t/p/w500/6Ac5GLwJ01uli5mCXqXwquR36Y1.jpg
50,"Usual Suspects, The (1995)",Crime|Mystery|Thriller,114814,629.0,https://image.tmdb.org/t/p/w500/rWbsxdwF9qQzpTPCLmDfVnVqTK1.jpg
52,Mighty Aphrodite (1995),Comedy|Drama|Romance,113819,11448.0,https://image.tmdb.org/t/p/w500/ice135yQZp4iX2SgCmd90nKgS5j.jpg
53,Lamerica (1994),Adventure|Drama,110299,49133.0,https://image.tmdb.org/t/p/w500/nnLpA4mqb3gvhNJQZ00cOyBmeq3.jpg
54,"Big Green, The (1995)",Children|Comedy,112499,26441.0,https://image.tmdb.org/t/p/w500/nVHqIuBTcTLmAIrML7T704UwfNI.jpg
55,Georgia (1995),Drama,113158,97406.0,https://image.tmdb.org/t/p/w500/uXjfK404xo7SiVlFcAoRyaFqXR4.jpg
57,Home for the Holidays (1995),Drama,113321,9089.0,https://image.tmdb.org/t/p/w500/3zqlKdOttWyExzopVxglz50Vjxq.jpg
58,"Postman, The (Postino, Il) (1994)",Comedy|Drama|Romance,110877,11010.0,https://image.tmdb.org/t/p/w500/cUaCpjVDefYShKyLmkcDsiPaBHn.jpg
60,"Indian in the Cupboard, The (1995)",Adventure|Children|Fantasy,113419,11359.0,https://image.tmdb.org/t/p/w500/ozQAmW85tTJu2dhRe3evzyY03Nb.jpg
61,Eye for an Eye (1996),Drama|Thriller,116260,17182.0,https://image.tmdb.org/t/p/w500/y2lZSdJ1o0VvLegTw3ad6KFtxra.jpg
62,Mr. Holland's Opus (1995),Drama,113862,2054.0,https://image.tmdb.org/t/p/w500/kBmwWeSN3ajnYHZ3dSybEobxEPI.jpg
63,Don't Be a Menace to South Central While Drinking Your Juice in the Hood (1996),Comedy|Crime,116126,10607.0,https://image.tmdb.org/t/p/w500/HZQBF7JDd2e9p4rPSbSHuWHaCC.jpg
64,Two if by Sea (1996),Comedy|Romance,118002,19760.0,https://image.tmdb.org/t/p/w500/xSfqAMYqrTtDeAjPtYo0S8nc5Zz.jpg
65,Bio-Dome (1996),Comedy,115683,9536.0,https://image.tmdb.org/t/p/w500/pkL8rqpO0EryTV1DLJJdrhOZ7sL.jpg
66,Lawnmower Man 2: Beyond Cyberspace (1996),Action|Sci-Fi|Thriller,116839,11525.0,https://image.tmdb.org/t/p/w500/nsKDpcdC62krEPlCKKjLSHuMwwu.jpg
68,French Twist (Gazon maudit) (1995),Comedy|Romance,113149,4482.0,https://image.tmdb.org/t/p/w500/xlLnHizshGBwMiNrnop2kg2nYzE.jpg
69,Friday (1995),Comedy,113118,10634.0,https://image.tmdb.org/t/p/w500/2lReF53F8trkC68piGSfk0JVwWU.jpg
70,From Dusk Till Dawn (1996),Action|Comedy|Horror|Thriller,116367,755.0,https://image.tmdb.org/t/p/w500/sV3kIAmvJ9tPz4Lq5fuf9LLMxte.jpg
71,Fair Game (1995),Action,113010,11859.0,https://image.tmdb.org/t/p/w500/qcxsWOzBaF7MZNNThtRQWQ9Wrdk.jpg
72,Kicking and Screaming (1995),Comedy|Drama,113537,28387.0,https://image.tmdb.org/t/p/w500/ynAtSpTou7snNOq32djzILw9VCA.jpg
73,"Misérables, Les (1995)",Drama|War,113828,48750.0,https://image.tmdb.org/t/p/w500/toQ6BJCiKVSnklpsma2GnJ6KKah.jpg
74,Bed of Roses (1996),Drama|Romance,115644,20927.0,https://image.tmdb.org/t/p/w500/e0Eho8TETw1RhvX9MH9i19Xf1iM.jpg
75,Big Bully (1996),Comedy|Drama,115676,36929.0,https://image.tmdb.org/t/p/w500/dws3JR4Yi325Tz33XnuXEB6XjGr.jpg
76,Screamers (1995),Action|Sci-Fi|Thriller,114367,9102.0,https://image.tmdb.org/t/p/w500/eqgBf791rMZG7ywHfObpXeMpiRf.jpg
77,Nico Icon (1995),Documentary,113973,124626.0,https://image.tmdb.org/t/p/w500/w3oiJZTB1UP3lj0uSVLdsYfsBbC.jpg
78,"Crossing Guard, The (1995)",Action|Crime|Drama|Thriller,112744,27526.0,https://image.tmdb.org/t/p/w500/kogaCIIylHmWQo2gJrrdq8Br8b8.jpg
79,"Juror, The (1996)",Drama|Thriller,116731,9623.0,https://image.tmdb.org/t/p/w500/31mRYhJvaknQx8PQnR2UV7YCkLT.jpg
80,"White Balloon, The (Badkonake sefid) (1995)",Children|Drama,112445,46785.0,https://image.tmdb.org/t/p/w500/u6jrlgZZx3zSFPDPTVOYpueljgH.jpg
81,Things to Do in Denver When You're Dead (1995),Crime|Drama|Romance,114660,400.0,https://image.tmdb.org/t/p/w500/rA4Jttg1kJvNhSv7wM0SNyXrqY0.jpg
82,Antonia's Line (Antonia) (1995),Comedy|Drama,112379,880.0,https://image.tmdb.org/t/p/w500/nUCVi6bBIL7LGC61nYaCqikAhIA.jpg
83,Once Upon a Time... When We Were Colored (1995),Drama|Romance,114039,146599.0,https://image.tmdb.org/t/p/w500/45xucuNlia6vEPWYrYu2QlnwgpO.jpg
85,Angels and Insects (1995),Drama|Romance,112365,8447.0,https://image.tmdb.org/t/p/w500/w1i5JdddoLuzSmnKo5ORDoKdMm2.jpg
86,White Squall (1996),Action|Adventure|Drama,118158,10534.0,https://image.tmdb.org/t/p/w500/muhTVa52IufjTaqNseXFQUAEuyG.jpg
87,Dunston Checks In (1996),Children|Comedy,116151,17414.0,https://image.tmdb.org/t/p/w500/xR2cWC04kWNr7TBeXNOf4uOqn00.jpg
88,Black Sheep (1996),Comedy,115697,13997.0,https://image.tmdb.org/t/p/w500/bqIW5oE4WeHAvk1nh2Y6rfOLGrF.jpg
89,Nick of Time (1995),Action|Thriller,113972,2086.0,https://image.tmdb.org/t/p/w500/A1FJwUVg84sQSjHVz5jVMXQvifJ.jpg
92,Mary Reilly (1996),Drama|Horror|Thriller,117002,9095.0,https://image.tmdb.org/t/p/w500/eAOPWQdwytdRaLK3VXi7JFJFqmj.jpg
93,Vampire in Brooklyn (1995),Comedy|Horror|Romance,114825,12158.0,https://image.tmdb.org/t/p/w500/fodPA5x3REtOwColG17CucreZqM.jpg
94,Beautiful Girls (1996),Comedy|Drama|Romance,115639,9283.0,https://image.tmdb.org/t/p/w500/sHcx1fBmrtZYvFmUywU0d5cvIFd.jpg
95,Broken Arrow (1996),Action|Adventure|Thriller,115759,9208.0,https://image.tmdb.org/t/p/w500/iBPMwYYJFvdCBkXrwV75peo5Lz2.jpg
96,In the Bleak Midwinter (1995),Comedy|Drama,113403,40154.0,https://image.tmdb.org/t/p/w500/lam5mVjru6yhgG8N1MHCqAUrxzL.jpg
97,"Hate (Haine, La) (1995)",Crime|Drama,113247,406.0,https://image.tmdb.org/t/p/w500/iH8saz6s0Z8SPPrKaMI2KrRzTED.jpg
99,Heidi Fleiss: Hollywood Madam (1995),Documentary,113283,63076.0,https://image.tmdb.org/t/p/w500/laPSb9I8TuYslOh1OcgaTByWKnw.jpg
100,City Hall (1996),Drama|Thriller,115907,11062.0,https://image.tmdb.org/t/p/w500/tEpefYZtoDZsMflWrPIXbW0OSwN.jpg
101,Bottle Rocket (1996),Adventure|Comedy|Crime|Romance,115734,13685.0,https://image.tmdb.org/t/p/w500/6E7mJ5wpzTFbYFbJvTzzZ8Til9C.jpg
102,Mr. Wrong (1996),Comedy,117102,47475.0,https://image.tmdb.org/t/p/w500/yGbPzJ5hib2TFi0Rkb6JH8webaL.jpg
103,Unforgettable (1996),Mystery|Sci-Fi|Thriller,118040,2045.0,https://image.tmdb.org/t/p/w500/500Ne3EDn3HHpuCQWwGKR74r0cB.jpg
104,Happy Gilmore (1996),Comedy,116483,9614.0,https://image.tmdb.org/t/p/w500/4RnCeRzvI1xk5tuNWjpDKzSnJDk.jpg
105,"Bridges of Madison County, The (1995)",Drama|Romance,112579,688.0,https://image.tmdb.org/t/p/w500/teGMLWvCnJqvtPYCSuUKRM9MvFe.jpg
106,Nobody Loves Me (Keiner liebt mich) (1994),Comedy|Drama,110251,11907.0,https://image.tmdb.org/t/p/w500/vBDJPkoTOKT9F1zx0y9tT7G62vF.jpg
107,Muppet Treasure Island (1996),Adventure|Children|Comedy|Musical,117110,10874.0,https://image.tmdb.org/t/p/w500/gX2TAgjGvk2LJk4Awu0LM7UScfQ.jpg
108,Catwalk (1996),Documentary,112646,89333.0,https://image.tmdb.org/t/p/w500/8Db2Tx2RkTUozzilF1SGMitcHLl.jpg
110,Braveheart (1995),Action|Drama|War,112573,197.0,https://image.tmdb.org/t/p/w500/or1gBugydmjToAEq7OZY0owwFk.jpg
111,Taxi Driver (1976),Crime|Drama|Thriller,75314,103.0,https://image.tmdb.org/t/p/w500/ekstpH614fwDX8DUln1a2Opz0N8.jpg
112,Rumble in the Bronx (Hont faan kui) (1995),Action|Adventure|Comedy|Crime,113326,33542.0,https://image.tmdb.org/t/p/w500/1nAfchiXHQB3iyhK8fCJJEnNs5A.jpg
113,Before and After (1996),Drama|Mystery,115645,43566.0,https://image.tmdb.org/t/p/w500/oK8UKDrjFS14OFoihaQPfmmMOyI.jpg
116,Anne Frank Remembered (1995),Documentary,112373,51352.0,https://image.tmdb.org/t/p/w500/6nyhzrSGimCbdxiY8DEO7kI7xx4.jpg
117,"Young Poisoner's Handbook, The (1995)",Crime|Drama,115033,16934.0,https://image.tmdb.org/t/p/w500/d3Lakfy0K1eRHUbay9kMeWdt7y6.jpg
118,If Lucy Fell (1996),Comedy|Romance,116606,10324.0,https://image.tmdb.org/t/p/w500/l3Bwmjdon6JBDzJUA3ZSdMZZ7lI.jpg
119,"Steal Big, Steal Little (1995)",Comedy,114536,78406.0,https://image.tmdb.org/t/p/w500/83TvBaWt8wZHUZo8MKwE2cLRBiT.jpg
121,"Boys of St. Vincent, The (1992)",Drama,106473,32119.0,https://image.tmdb.org/t/p/w500/cam0cG0UWdUVtQRvFHJXmNtL1hY.jpg
122,Boomerang (1992),Comedy|Romance,103859,11066.0,https://image.tmdb.org/t/p/w500/cc9YAZq5NXiIEJsHjW7p2FaHQkp.jpg
123,Chungking Express (Chung Hing sam lam) (1994),Drama|Mystery|Romance,109424,11104.0,https://image.tmdb.org/t/p/w500/43I9DcNoCzpyzK8JCkJYpHqHqGG.jpg
125,Flirting With Disaster (1996),Comedy,116324,2074.0,https://image.tmdb.org/t/p/w500/sRRdVLuxk8OLCDRd4u4xDrDdwv7.jpg
126,"NeverEnding Story III, The (1994)",Adventure|Children|Fantasy,110647,27793.0,https://image.tmdb.org/t/p/w500/o75HHfr23sgeqIeUPwjKY0V9Ppi.jpg
128,Jupiter's Wife (1994),Documentary,110217,290157.0,https://image.tmdb.org/t/p/w500/2GIdaPLF7gYyXnlxGzTwV5fQGWy.jpg
129,Pie in the Sky (1996),Comedy|Romance,114131,110972.0,https://image.tmdb.org/t/p/w500/iZs2BzP1nbrcHCDX3QEHa3Nn0y4.jpg
132,Jade (1995),Thriller,113451,11863.0,https://image.tmdb.org/t/p/w500/8KWiZKDYpAgh8n27lanvTuDquyX.jpg
135,Down Periscope (1996),Comedy,116130,9101.0,https://image.tmdb.org/t/p/w500/brleKcHsirTw7lFqcgUMOfgL2nl.jpg
137,Man of the Year (1995),Documentary,113756,5757.0,https://image.tmdb.org/t/p/w500/jVO3Gvsdqe5C9Jr7cE1fSOtW2Op.jpg
140,Up Close and Personal (1996),Drama|Romance,118055,9302.0,https://image.tmdb.org/t/p/w500/2yf1pCiQk6JMy4k5zxf39YXQxGB.jpg
141,"Birdcage, The (1996)",Comedy,115685,11000.0,https://image.tmdb.org/t/p/w500/4IpC35BoA5aRO0Q1DpFGJ8iKKYq.jpg
144,"Brothers McMullen, The (1995)",Comedy,112585,16388.0,https://image.tmdb.org/t/p/w500/6oWsOJP0ed5gs8n2UywcailoxFN.jpg
145,Bad Boys (1995),Action|Comedy|Crime|Drama|Thriller,112442,9737.0,https://image.tmdb.org/t/p/w500/x1ygBecKHfXX4M2kRhmFKWfWbJc.jpg
146,"Amazing Panda Adventure, The (1995)",Adventure|Children,112342,30765.0,https://image.tmdb.org/t/p/w500/tIK40vCE9i8g4VhyJ3LLr5y1ROJ.jpg
147,"Basketball Diaries, The (1995)",Drama,112461,10474.0,https://image.tmdb.org/t/p/w500/AhvO1GGDPIgN0hOqZEgaFCbswMK.jpg
148,"Awfully Big Adventure, An (1995)",Drama,112427,22279.0,https://image.tmdb.org/t/p/w500/tfXBuRBMbyu9IF9KCFz3kXeWQDT.jpg
149,Amateur (1994),Crime|Drama|Thriller,109093,30157.0,https://image.tmdb.org/t/p/w500/b9MEES9I2WNjEWULdKsqiHIGQlC.jpg
150,Apollo 13 (1995),Adventure|Drama|IMAX,112384,568.0,https://image.tmdb.org/t/p/w500/kzj95o9FlVxKziQq36mjES3wxel.jpg
151,Rob Roy (1995),Action|Drama|Romance|War,114287,11780.0,https://image.tmdb.org/t/p/w500/4QuypgbNYmPECAAHnV3QY8qEpOz.jpg
152,"Addiction, The (1995)",Drama|Horror,112288,34996.0,https://image.tmdb.org/t/p/w500/1Yy8H2tKQ16mffLFRfxcBHKBdyF.jpg
153,Batman Forever (1995),Action|Adventure|Comedy|Crime,112462,414.0,https://image.tmdb.org/t/p/w500/mzzNBVwTiiY94xAXDMWJpNPW2US.jpg
154,Beauty of the Day (Belle de jour) (1967),Drama,61395,649.0,https://image.tmdb.org/t/p/w500/iUAFECovwPA0cVV9bo4uNGLJSGL.jpg
155,Beyond Rangoon (1995),Adventure|Drama|War,112495,1873.0,https://image.tmdb.org/t/p/w500/xTiy5kSP3Hetig7xB4E8INq5ron.jpg
156,Blue in the Face (1995),Comedy|Drama,112541,5894.0,https://image.tmdb.org/t/p/w500/u0iwm9SDjlfFZDrSdSbcebX7VUG.jpg
157,Canadian Bacon (1995),Comedy|War,109370,1775.0,https://image.tmdb.org/t/p/w500/bzK2aQ8xUB67kwCR5LHTSY99HtT.jpg
158,Casper (1995),Adventure|Children,112642,8839.0,https://image.tmdb.org/t/p/w500/2ah8fNJFZVU3vcXhU5xfAYi2eym.jpg
159,Clockers (1995),Crime|Drama|Mystery,112688,20649.0,https://image.tmdb.org/t/p/w500/c79uqLJleho2a7OQayfrW5Ypphf.jpg
160,Congo (1995),Action|Adventure|Mystery|Sci-Fi,112715,10329.0,https://image.tmdb.org/t/p/w500/hPNSToNIIpRO6y5Rh973leqQqNr.jpg
161,Crimson Tide (1995),Drama|Thriller|War,112740,8963.0,https://image.tmdb.org/t/p/w500/21nqRJ6ofEgVvEl68J4O9V26Xzy.jpg
162,Crumb (1994),Documentary,109508,26564.0,https://image.tmdb.org/t/p/w500/jHIiz59mnKuHov0PjSNsuYOcx5D.jpg
163,Desperado (1995),Action|Romance|Western,112851,8068.0,https://image.tmdb.org/t/p/w500/e3gwpBeXpvGZsxUya9zNym5QXrw.jpg
164,Devil in a Blue Dress (1995),Crime|Film-Noir|Mystery|Thriller,112857,8512.0,https://image.tmdb.org/t/p/w500/5lcJhwKGavLbPva17QkTBhLfqEk.jpg
165,Die Hard: With a Vengeance (1995),Action|Crime|Thriller,112864,1572.0,https://image.tmdb.org/t/p/w500/skdHpVja0uRNKVVN9ksviI86I4z.jpg
166,"Doom Generation, The (1995)",Comedy|Crime|Drama,112887,13552.0,https://image.tmdb.org/t/p/w500/cRzRj2UBvIH8ryWhu5PNL2PzV7j.jpg
168,First Knight (1995),Action|Drama|Romance,113071,6520.0,https://image.tmdb.org/t/p/w500/xuXkCcrvUTkehVXuTGpnfySsx0Z.jpg
169,Free Willy 2: The Adventure Home (1995),Adventure|Children|Drama,113114,9073.0,https://image.tmdb.org/t/p/w500/3wpug3W5rYBdqeAnhc1UeXLE5ZF.jpg
170,Hackers (1995),Action|Adventure|Crime|Thriller,113243,10428.0,https://image.tmdb.org/t/p/w500/qfx2EENW1sOpKNVKLzr7VOhlxkt.jpg
171,Jeffrey (1995),Comedy|Drama,113464,17447.0,https://image.tmdb.org/t/p/w500/tHcKImp3QqG7UWdv3PzEHZX8oHT.jpg
172,Johnny Mnemonic (1995),Action|Sci-Fi|Thriller,113481,9886.0,https://image.tmdb.org/t/p/w500/iH8Jgi8qvb7pnBfI8fVGaUbyRna.jpg
173,Judge Dredd (1995),Action|Crime|Sci-Fi,113492,9482.0,https://image.tmdb.org/t/p/w500/cfSnKn8NDU3m8UxihjVcYprA0Aq.jpg
174,Jury Duty (1995),Comedy,113500,19326.0,https://image.tmdb.org/t/p/w500/DbKQDPqBE4kCaePj4CHu6r3ZAb.jpg
175,Kids (1995),Drama,113540,9344.0,https://image.tmdb.org/t/p/w500/8qV8hUVCUnFIQKewzlhaFWhdszK.jpg
176,Living in Oblivion (1995),Comedy,113677,9071.0,https://image.tmdb.org/t/p/w500/b54xDk98oWtEtAso9sj1wjaZDDH.jpg
177,Lord of Illusions (1995),Horror,113690,8973.0,https://image.tmdb.org/t/p/w500/6AFFgNbSE5x21ZdOqdJwrk8hMkg.jpg
178,Love & Human Remains (1993),Comedy|Drama,107447,15730.0,https://image.tmdb.org/t/p/w500/9QVw6cPXfsjr4PncE1TeWudeLmh.jpg
179,Mad Love (1995),Drama|Romance,113729,47608.0,https://image.tmdb.org/t/p/w500/glhctWoYw1jg8z0FUSwFD4UTNi4.jpg
180,Mallrats (1995),Comedy|Romance,113749,2293.0,https://image.tmdb.org/t/p/w500/kNm0AQFIc4nlzCd8Nqvbb5gccAV.jpg
181,Mighty Morphin Power Rangers: The Movie (1995),Action|Children,113820,9070.0,https://image.tmdb.org/t/p/w500/pcLbHqs80dchv0byHivhdwHKEup.jpg
183,Mute Witness (1994),Comedy|Horror|Thriller,110604,48787.0,https://image.tmdb.org/t/p/w500/kfCIZNpb2bWspnQNkIQftQlksCU.jpg
184,Nadja (1994),Drama,110620,34574.0,https://image.tmdb.org/t/p/w500/sIZl6Oy5nn4kHKHamX50tSPF4Ob.jpg
185,"Net, The (1995)",Action|Crime|Thriller,113957,1642.0,https://image.tmdb.org/t/p/w500/dtupntUFMD5iXBo8HLfALt2ET4R.jpg
186,Nine Months (1995),Comedy|Romance,113986,11472.0,https://image.tmdb.org/t/p/w500/z1nzYuoeTbGBrSicDxJEhJhEQz8.jpg
187,Party Girl (1995),Comedy,114095,36196.0,https://image.tmdb.org/t/p/w500/cfGEUftQVjvJHTTc3OKbzfsBamT.jpg
188,"Prophecy, The (1995)",Fantasy|Horror|Mystery,114194,11980.0,https://image.tmdb.org/t/p/w500/5xPbNy1AIoJcijR6xjitMwXe7Ki.jpg
189,Reckless (1995),Comedy|Fantasy,114241,58372.0,https://image.tmdb.org/t/p/w500/edNTtl2UuKcU8vXEaYgu76vISXw.jpg
190,Safe (1995),Thriller,114323,32646.0,https://image.tmdb.org/t/p/w500/2O71QsBkbqdLqQdx2yuNpJ4pFPq.jpg
191,"Scarlet Letter, The (1995)",Drama|Romance,114345,10533.0,https://image.tmdb.org/t/p/w500/8gIU7O3oV6NyWUjlL6ppbpnIZLW.jpg
193,Showgirls (1995),Drama,114436,10802.0,https://image.tmdb.org/t/p/w500/atjtGFIIt9QMGf9ELyboq5cl466.jpg
194,Smoke (1995),Comedy|Drama,114478,10149.0,https://image.tmdb.org/t/p/w500/phvnN7OPEnlHoAZe8nsSqPDD8B0.jpg
195,Something to Talk About (1995),Comedy|Drama|Romance,114496,18402.0,https://image.tmdb.org/t/p/w500/a52KpsmvLNdTdmDzw1fUrJONpfH.jpg
196,Species (1995),Horror|Sci-Fi,114508,9348.0,https://image.tmdb.org/t/p/w500/cT5wdyo8kT7dycqjrolJ2sHWkFx.jpg
198,Strange Days (1995),Action|Crime|Drama|Mystery|Sci-Fi|Thriller,114558,281.0,https://image.tmdb.org/t/p/w500/rY5BrDRcYAKE0BYmmT66YG6Uy5Q.jpg
199,"Umbrellas of Cherbourg, The (Parapluies de Cherbourg, Les) (1964)",Drama|Musical|Romance,58450,5967.0,https://image.tmdb.org/t/p/w500/7XHxvEo1C1GzbTkZuH8aAU8wOeV.jpg
201,Three Wishes (1995),Drama|Fantasy,114663,47939.0,https://image.tmdb.org/t/p/w500/8uzNbDH1b90DTsy38NPLqVIVpAH.jpg
202,Total Eclipse (1995),Drama|Romance,114702,36834.0,https://image.tmdb.org/t/p/w500/e0j1zDF3ITeTbGTXFGamosCxT4z.jpg
203,"To Wong Foo, Thanks for Everything! Julie Newmar (1995)",Comedy,114682,9090.0,https://image.tmdb.org/t/p/w500/8bkJiI6N8wDxAtQ49bLUt0qCBII.jpg
204,Under Siege 2: Dark Territory (1995),Action,114781,3512.0,https://image.tmdb.org/t/p/w500/gElwFCQTbSK5hdK0PVyia547nst.jpg
205,Unstrung Heroes (1995),Comedy|Drama,114798,52856.0,https://image.tmdb.org/t/p/w500/twnqc80AL55WYnCVz4nMGEGcL7.jpg
206,Unzipped (1995),Documentary,114805,77350.0,https://image.tmdb.org/t/p/w500/dnIzv4rXr9FXkqW880E3rStYQA7.jpg
207,"Walk in the Clouds, A (1995)",Drama|Romance,114887,9560.0,https://image.tmdb.org/t/p/w500/xencQzZnUWDRAOUydjf9PWet8Ae.jpg
208,Waterworld (1995),Action|Adventure|Sci-Fi,114898,9804.0,https://image.tmdb.org/t/p/w500/f4Q6BKm1lv9u5xoffbIIwrOYf6z.jpg
209,White Man's Burden (1995),Drama,114928,31611.0,https://image.tmdb.org/t/p/w500/5MPatVYJXPYEGrd9RQiwldBBQvJ.jpg
210,Wild Bill (1995),Western,114938,65796.0,https://image.tmdb.org/t/p/w500/g5sQTDwc4BcvRCBAhnujhBPIEO1.jpg
211,"Browning Version, The (1994)",Drama,109340,49805.0,https://image.tmdb.org/t/p/w500/8My9Wnzu1zasVVzGdDj5y2dItuM.jpg
212,Bushwhacked (1995),Adventure|Comedy|Crime|Mystery,112602,26258.0,https://image.tmdb.org/t/p/w500/j3H0POtvl0Tt4Meesvp7HX6JxAv.jpg
213,Burnt by the Sun (Utomlyonnye solntsem) (1994),Drama,111579,50797.0,https://image.tmdb.org/t/p/w500/jcpvnPSuRrynrgY7menuyZe7X4r.jpg
214,Before the Rain (Pred dozhdot) (1994),Drama|War,110882,19155.0,https://image.tmdb.org/t/p/w500/sAVSVFonnNkup5xnlxDkuRrmI2N.jpg
215,Before Sunrise (1995),Drama|Romance,112471,76.0,https://image.tmdb.org/t/p/w500/kf1Jb1c2JAOqjuzA3H4oDM263uB.jpg
216,Billy Madison (1995),Comedy,112508,11017.0,https://image.tmdb.org/t/p/w500/sOdgtJdFalL9kRKaeJItARLTAEq.jpg
217,"Babysitter, The (1995)",Drama|Thriller,112438,37141.0,https://image.tmdb.org/t/p/w500/wOv6HKiKTcDiyZRXPOsjm2JhVZV.jpg
218,Boys on the Side (1995),Comedy|Drama,112571,9382.0,https://image.tmdb.org/t/p/w500/2dhZnfBjiza5TupvOupRU4hFAcJ.jpg
219,"Cure, The (1995)",Drama,112757,6715.0,https://image.tmdb.org/t/p/w500/3WN1H5NzLOjhY9AP848v8WPc9uu.jpg
220,Castle Freak (1995),Horror,112643,18256.0,https://image.tmdb.org/t/p/w500/rZv3aUkNngyZeiCgAjOEF5n0tve.jpg
222,Circle of Friends (1995),Drama|Romance,112679,22625.0,https://image.tmdb.org/t/p/w500/dmyEriE6TsnbgkNaFOvCcXaF0Nt.jpg
223,Clerks (1994),Comedy,109445,2292.0,https://image.tmdb.org/t/p/w500/9IiSgiq4h4siTIS9H3o4nZ3h5L9.jpg
224,Don Juan DeMarco (1995),Comedy|Drama|Romance,112883,1909.0,https://image.tmdb.org/t/p/w500/lO64DbisoBwb9CBUmShTk3blpEt.jpg
225,Disclosure (1994),Drama|Thriller,109635,8984.0,https://image.tmdb.org/t/p/w500/dnA4QkIZZCF9wRtF8HHxWwUXVMf.jpg
227,Drop Zone (1994),Action|Thriller,109676,4954.0,https://image.tmdb.org/t/p/w500/bbveyfmq6pGrzKL0l4waeA2WHHp.jpg
228,Destiny Turns on the Radio (1995),Comedy,112854,62488.0,https://image.tmdb.org/t/p/w500/kd04IvuW1wvgGoB2HxSuFVIU9rU.jpg
229,Death and the Maiden (1994),Drama|Thriller,109579,10531.0,https://image.tmdb.org/t/p/w500/hlUXQ2aEuYDEE0ok7DORE4uffjl.jpg
230,Dolores Claiborne (1995),Drama|Thriller,109642,11929.0,https://image.tmdb.org/t/p/w500/3RlG7uhJEqc5Ws2PIpNok0LuJ1I.jpg
231,Dumb & Dumber (Dumb and Dumber) (1994),Adventure|Comedy,109686,8467.0,https://image.tmdb.org/t/p/w500/4LdpBXiCyGKkR8FGHgjKlphrfUc.jpg
232,Eat Drink Man Woman (Yin shi nan nu) (1994),Comedy|Drama|Romance,111797,10451.0,https://image.tmdb.org/t/p/w500/olhIWtIBFg6VWK59DEd4lAvgVgz.jpg
233,Exotica (1994),Drama,109759,20156.0,https://image.tmdb.org/t/p/w500/y6us5CnG3JeCt5zVf0qOJZhzNUs.jpg
234,Exit to Eden (1994),Comedy,109758,18395.0,https://image.tmdb.org/t/p/w500/dUtpplO9K03uYCA71Vqj9ZRkVyA.jpg
235,Ed Wood (1994),Comedy|Drama,109707,522.0,https://image.tmdb.org/t/p/w500/n8SrO3WbyuY2b6KazogqbQF348C.jpg
236,French Kiss (1995),Action|Comedy|Romance,113117,397.0,https://image.tmdb.org/t/p/w500/odG0qfyK2SIc6vfGYIiH8aLASqL.jpg
237,Forget Paris (1995),Comedy|Romance,113097,10525.0,https://image.tmdb.org/t/p/w500/c2RwGHqWwvh7nmRKpdIyYUWMEvP.jpg
238,Far From Home: The Adventures of Yellow Dog (1995),Adventure|Children,113028,27985.0,https://image.tmdb.org/t/p/w500/bGSXHkITArICNipXJHdRZRFhmmA.jpg
239,"Goofy Movie, A (1995)",Animation|Children|Comedy|Romance,113198,15789.0,https://image.tmdb.org/t/p/w500/bycmMhO3iIoEDzP768sUjq2RV4T.jpg
240,Hideaway (1995),Thriller,113303,27303.0,https://image.tmdb.org/t/p/w500/cYWjgxgIJrak0BTemkij3gOCbMa.jpg
241,Fluke (1995),Children|Drama,113089,21183.0,https://image.tmdb.org/t/p/w500/k7BHqoTWJPpoSpfCzzUjAduuIbX.jpg
242,Farinelli: il castrato (1994),Drama|Musical,109771,10954.0,https://image.tmdb.org/t/p/w500/i5h0ZjYobco5HRPaAU6QTlrMYw0.jpg
243,Gordy (1995),Children|Comedy|Fantasy,113199,47867.0,https://image.tmdb.org/t/p/w500/4sLmghaiAIYXh320qCvZWY4avVT.jpg
246,Hoop Dreams (1994),Documentary,110057,14275.0,https://image.tmdb.org/t/p/w500/gLzHl2XBtVwycl8DxdOXRHPm8G3.jpg
247,Heavenly Creatures (1994),Crime|Drama,110005,1024.0,https://image.tmdb.org/t/p/w500/uvb86wVCIqD3Rlbr0GTNgWDF7Zo.jpg
248,Houseguest (1994),Comedy,110066,17207.0,https://image.tmdb.org/t/p/w500/cdiHlZho11EEqD3aPanYe1rEYRB.jpg
249,Immortal Beloved (1994),Drama|Romance,110116,13701.0,https://image.tmdb.org/t/p/w500/lkqz2R5pjXeDaiIjR3Z6JTGjtg6.jpg
250,Heavyweights (Heavy Weights) (1995),Children|Comedy,110006,14819.0,https://image.tmdb.org/t/p/w500/phjBzKsMySBz4NgKHPhPMTmIEjl.jpg
251,"Hunted, The (1995)",Action,113360,32631.0,https://image.tmdb.org/t/p/w500/luCVuKiRBcQjr9MuY9mRCTehjpY.jpg
252,I.Q. (1994),Comedy|Romance,110099,11777.0,https://image.tmdb.org/t/p/w500/1dLR9LX4O8DSyaU5OR3N0472IR.jpg
253,Interview with the Vampire: The Vampire Chronicles (1994),Drama|Horror,110148,628.0,https://image.tmdb.org/t/p/w500/2162lAT2MP36MyJd2sttmj5du5T.jpg
254,Jefferson in Paris (1995),Drama,113463,87729.0,https://image.tmdb.org/t/p/w500/vcZCvsm920LoNDb7pMibJkxIE4n.jpg
255,"Jerky Boys, The (1995)",Comedy,110189,18713.0,https://image.tmdb.org/t/p/w500/yUbdqyZaeaoNKBQmnmtim1IIAf1.jpg
256,Junior (1994),Comedy|Sci-Fi,110216,6280.0,https://image.tmdb.org/t/p/w500/eQmgPrXf7c7daRdl3Zwgm65lw3o.jpg
257,Just Cause (1995),Mystery|Thriller,113501,9061.0,https://image.tmdb.org/t/p/w500/z8WqDIUC00TPX6U24ah0C7IMEKf.jpg
258,"Kid in King Arthur's Court, A (1995)",Adventure|Children|Comedy|Fantasy|Romance,113538,37108.0,https://image.tmdb.org/t/p/w500/nzkCh60LNLTaAl8YCCVFM5OASUS.jpg
259,Kiss of Death (1995),Crime|Drama|Thriller,113552,6071.0,https://image.tmdb.org/t/p/w500/h9E0Sz9VCVTwPEIsg9pr7hnFJ9w.jpg
260,Star Wars: Episode IV - A New Hope (1977),Action|Adventure|Sci-Fi,76759,11.0,https://image.tmdb.org/t/p/w500/6FfCtAuVAW8XJjZ7eWeLibRLWTw.jpg
261,Little Women (1994),Drama,110367,9587.0,https://image.tmdb.org/t/p/w500/1ZzH1XMcKAe5NdrKL5MfcqZHHsZ.jpg
262,"Little Princess, A (1995)",Children|Drama,113670,19101.0,https://image.tmdb.org/t/p/w500/9V4bAVEskSNbEqjVI0YmeuB0n8I.jpg
263,Ladybird Ladybird (1994),Drama,110296,49980.0,https://image.tmdb.org/t/p/w500/91KSK1xKdVEIDASKRo9ahBFCtM2.jpg
265,Like Water for Chocolate (Como agua para chocolate) (1992),Drama|Fantasy|Romance,103994,18183.0,https://image.tmdb.org/t/p/w500/itwUdMqLmPfhtGJ44hiDxkqZhiq.jpg
266,Legends of the Fall (1994),Drama|Romance|War|Western,110322,4476.0,https://image.tmdb.org/t/p/w500/t1KPGlW0UGd0m515LPQmk2F4nu1.jpg
267,Major Payne (1995),Comedy,110443,11008.0,https://image.tmdb.org/t/p/w500/kWHx5eq7PELkF3If7LrrhuBskRG.jpg
269,My Crazy Life (Mi vida loca) (1993),Drama,107566,32325.0,https://image.tmdb.org/t/p/w500/gtKIaHUqkNqdgVnMFosyVJXvKMC.jpg
270,Love Affair (1994),Drama|Romance,110391,43742.0,https://image.tmdb.org/t/p/w500/A7Ex1CSjfCYUgornOiJTJkJkw0A.jpg
271,Losing Isaiah (1995),Drama,113691,28313.0,https://image.tmdb.org/t/p/w500/oHALKuPewtqIn2BcluZsGvcEG1P.jpg
272,"Madness of King George, The (1994)",Comedy|Drama,110428,11318.0,https://image.tmdb.org/t/p/w500/1dTSY023ZyBbgVSKDRuA6JLGSnZ.jpg
273,Mary Shelley's Frankenstein (Frankenstein) (1994),Drama|Horror|Sci-Fi,109836,3036.0,https://image.tmdb.org/t/p/w500/bOwCAQsZlEKrwhPi1ejY6BS8jpL.jpg
274,Man of the House (1995),Comedy,113755,40490.0,https://image.tmdb.org/t/p/w500/6bnOhhrrrq6RZhMgz4aGyqbJ9Wf.jpg
275,Mixed Nuts (1994),Comedy,110538,24070.0,https://image.tmdb.org/t/p/w500/rI5oZR0ov3ki72Gy1QDM8XJ43mo.jpg
276,Milk Money (1994),Comedy|Romance,110516,8986.0,https://image.tmdb.org/t/p/w500/od8SCOMLDq4iRYaHNqihQVn1SNE.jpg
277,Miracle on 34th Street (1994),Drama,110527,10510.0,https://image.tmdb.org/t/p/w500/iUTPKkljdEjPlcPPYgbUz7APnHu.jpg
278,Miami Rhapsody (1995),Comedy,113808,17402.0,https://image.tmdb.org/t/p/w500/h7I2DgoxdkVMiPx4usFNkfvSoBs.jpg
279,My Family (1995),Drama,113896,38722.0,https://image.tmdb.org/t/p/w500/i6t6QF5QyUd3UAQ8JM8eVU1169D.jpg
280,Murder in the First (1995),Drama|Thriller,113870,8438.0,https://image.tmdb.org/t/p/w500/sU37ONoL9qUyYXUhubJSYH9tEoc.jpg
281,Nobody's Fool (1994),Comedy|Drama|Romance,110684,11593.0,https://image.tmdb.org/t/p/w500/xyAXFy6mOfgZcVWbceCeuTYadeq.jpg
282,Nell (1994),Drama,110638,1945.0,https://image.tmdb.org/t/p/w500/aIDp3x2YfijtdherR28pIH6yenn.jpg
283,New Jersey Drive (1995),Crime|Drama,113967,39310.0,https://image.tmdb.org/t/p/w500/lXJWJT6lfAg2NEqEueJcI4ESWSG.jpg
284,New York Cop (Nyû Yôku no koppu) (1993),Action|Crime,117169,109560.0,https://image.tmdb.org/t/p/w500/5kXO783UrTaKZE3wn0KZv3RubZc.jpg
285,Beyond Bedlam (1993),Drama|Horror,106402,56428.0,https://image.tmdb.org/t/p/w500/rqArVCgag2ng179rb3OXeEnS4Lo.jpg
287,Nina Takes a Lover (1994),Comedy|Romance,110671,131957.0,https://image.tmdb.org/t/p/w500/mSPoA8exUsNThCfBjjTug7V7wGJ.jpg
288,Natural Born Killers (1994),Action|Crime|Thriller,110632,241.0,https://image.tmdb.org/t/p/w500/fEKZwT91gxvkAoyPgpNXo8W5fu0.jpg
289,Only You (1994),Comedy|Romance,110737,9058.0,https://image.tmdb.org/t/p/w500/7mLLANXgUg3bibTiUitDlB0NZcU.jpg
290,Once Were Warriors (1994),Crime|Drama,110729,527.0,https://image.tmdb.org/t/p/w500/1nd4SsytVc96hy92g8NNVPD3mzf.jpg
291,Poison Ivy II (1996),Drama|Thriller,114151,18220.0,https://image.tmdb.org/t/p/w500/jXLuQYRwWNuwW8dkx3zo5bWon2r.jpg
292,Outbreak (1995),Action|Drama|Sci-Fi|Thriller,114069,6950.0,https://image.tmdb.org/t/p/w500/4KymNvlWR0XF0sqX2BWRd9Z3yXR.jpg
293,Léon: The Professional (a.k.a. The Professional) (Léon) (1994),Action|Crime|Drama|Thriller,110413,101.0,https://image.tmdb.org/t/p/w500/yI6X2cCM5YPJtxMhUd3dPGqDAhw.jpg
294,"Perez Family, The (1995)",Comedy|Romance,114113,63020.0,https://image.tmdb.org/t/p/w500/jxi3UDHf86kDk5hqJxnpEMzVch2.jpg
295,"Pyromaniac's Love Story, A (1995)",Comedy|Romance,114210,2307.0,https://image.tmdb.org/t/p/w500/9pU8aNS1wEXVGNR9WnsX2O3w9qF.jpg
296,Pulp Fiction (1994),Comedy|Crime|Drama|Thriller,110912,680.0,https://image.tmdb.org/t/p/w500/d5iIlFn5s0ImszYzBPb8JPIfbXD.jpg
298,Pushing Hands (Tui shou) (1992),Drama,105652,25296.0,https://image.tmdb.org/t/p/w500/46WdJMUhZpIsG5D7bb0lYjoE1Uu.jpg
299,Priest (1994),Drama,110889,40156.0,https://image.tmdb.org/t/p/w500/bi1BeQMuPm1HzFfIZX4KHtKdJgy.jpg
300,Quiz Show (1994),Drama,110932,11450.0,https://image.tmdb.org/t/p/w500/yoGJo1h3Hl2exXPVcG9UXWDENtX.jpg
301,Picture Bride (Bijo photo) (1994),Drama|Romance,114129,30304.0,https://image.tmdb.org/t/p/w500/s1lUr4NWgOi4ftXLrUWGI49IvKK.jpg
302,"Queen Margot (Reine Margot, La) (1994)",Drama|Romance,110963,10452.0,https://image.tmdb.org/t/p/w500/8uGkhBLiJMIkwohGPo3iB9AuwDg.jpg
303,"Quick and the Dead, The (1995)",Action|Thriller|Western,114214,12106.0,https://image.tmdb.org/t/p/w500/jhEmrXJpP6F3cqwyLjvgBgxxxFA.jpg
304,Roommates (1995),Comedy|Drama,114296,161495.0,https://image.tmdb.org/t/p/w500/sNSwgnb81gfbki5ohGb766zvGQX.jpg
305,Ready to Wear (Pret-A-Porter) (1994),Comedy,110907,3586.0,https://image.tmdb.org/t/p/w500/ehg1dTxsqx2eMZpd5Tio9JifwqB.jpg
306,Three Colors: Red (Trois couleurs: Rouge) (1994),Drama,111495,110.0,https://image.tmdb.org/t/p/w500/cTvIvblms2p4cEPT4lnJWTYG3DC.jpg
307,Three Colors: Blue (Trois couleurs: Bleu) (1993),Drama,108394,108.0,https://image.tmdb.org/t/p/w500/33wsWxzsNstI8N7dvuwzFmj1qBd.jpg
308,Three Colors: White (Trzy kolory: Bialy) (1994),Comedy|Drama,111507,109.0,https://image.tmdb.org/t/p/w500/fdIet3NSa27gobMbaUml66oCQNT.jpg
310,Rent-a-Kid (1995),Comedy,114268,36357.0,https://image.tmdb.org/t/p/w500/hYxc2o3HHL3x47J5s9taQZ6AUI4.jpg
311,Relative Fear (1994),Horror|Thriller,110965,92769.0,https://image.tmdb.org/t/p/w500/wG6wdsB9lqCwxsRycnzzXZDSo6m.jpg
312,Stuart Saves His Family (1995),Comedy,114571,28033.0,https://image.tmdb.org/t/p/w500/80YaWpUokDoPynsJi0ittpts3J0.jpg
313,"Swan Princess, The (1994)",Animation|Children,111333,22586.0,https://image.tmdb.org/t/p/w500/tmpO3vk8WguFOE4UXESGdWwHQOX.jpg
314,"Secret of Roan Inish, The (1994)",Children|Drama|Fantasy|Mystery,111112,14334.0,https://image.tmdb.org/t/p/w500/jjYHAhscWp3uWutHSvFaLC3vEEW.jpg
315,"Specialist, The (1994)",Action|Drama|Thriller,111255,2636.0,https://image.tmdb.org/t/p/w500/9CVAjtkSaFs9FyddGfThj11ZuQq.jpg
316,Stargate (1994),Action|Adventure|Sci-Fi,111282,2164.0,https://image.tmdb.org/t/p/w500/4T6Po0XnZlevmhfPh3ZfEs5butR.jpg
317,"Santa Clause, The (1994)",Comedy|Drama|Fantasy,111070,11395.0,https://image.tmdb.org/t/p/w500/2yqaR8HJUQowx8agxEjWVmyBIqo.jpg
318,"Shawshank Redemption, The (1994)",Crime|Drama,111161,278.0,https://image.tmdb.org/t/p/w500/9cqNxx0GxF0bflZmeSMuL5tnGzr.jpg
319,Shallow Grave (1994),Comedy|Drama|Thriller,111149,9905.0,https://image.tmdb.org/t/p/w500/gqvSKLbfIg1mja1ulVkVcLhdwWF.jpg
320,Suture (1993),Film-Noir|Thriller,108260,87078.0,https://image.tmdb.org/t/p/w500/89jGoGPFqOl6JR144iEOxeciggM.jpg
321,Strawberry and Chocolate (Fresa y chocolate) (1993),Drama,106966,12527.0,https://image.tmdb.org/t/p/w500/tMwUsu080E4kS4rkHPffy1ugvaJ.jpg
322,Swimming with Sharks (1995),Comedy|Drama,114594,20306.0,https://image.tmdb.org/t/p/w500/eMRiIJIEyMLjWjktIqjNfzs9jGX.jpg
324,"Sum of Us, The (1994)",Comedy|Drama,111309,36614.0,https://image.tmdb.org/t/p/w500/4rBI4KISTuMCsWGb0kurWxKjqPQ.jpg
325,National Lampoon's Senior Trip (1995),Comedy,113936,27993.0,https://image.tmdb.org/t/p/w500/qfMbFIGNIQ76FEu7Wg48aEbxFh1.jpg
326,To Live (Huozhe) (1994),Drama,110081,31439.0,https://image.tmdb.org/t/p/w500/bv0qREWTw8TPAtgt22ELp1UlKVl.jpg
327,Tank Girl (1995),Action|Comedy|Sci-Fi,114614,9067.0,https://image.tmdb.org/t/p/w500/qohdY3BcJ98sFneOUAWp0FmH4Z6.jpg
328,Tales from the Crypt Presents: Demon Knight (1995),Horror|Thriller,114608,9059.0,https://image.tmdb.org/t/p/w500/1TekTWa1htkb554KDplTXskQupo.jpg
329,Star Trek: Generations (1994),Adventure|Drama|Sci-Fi,111280,193.0,https://image.tmdb.org/t/p/w500/rHsCYDGHFUarGh5k987b0EFU6kC.jpg
330,Tales from the Hood (1995),Action|Crime|Horror,114609,25066.0,https://image.tmdb.org/t/p/w500/glPNCcI7V8zTTI3BG0iIUJJcwXN.jpg
331,Tom & Viv (1994),Drama,111454,46797.0,https://image.tmdb.org/t/p/w500/iw4ofGbX2AbJ4p17CixwnMjuoJ0.jpg
332,Village of the Damned (1995),Horror|Sci-Fi,114852,12122.0,https://image.tmdb.org/t/p/w500/vnK68SPMQTvLWVYaNMINJOismEr.jpg
333,Tommy Boy (1995),Comedy,114694,11381.0,https://image.tmdb.org/t/p/w500/6m1xJqfViDkmNmKUKvTSJ5fo0k4.jpg
334,Vanya on 42nd Street (1994),Drama,111590,32636.0,https://image.tmdb.org/t/p/w500/sYkkHsqXyUcFoLbXt4WNwnRRpT1.jpg
335,Underneath (1995),Mystery|Thriller,114788,36141.0,https://image.tmdb.org/t/p/w500/61yu1ejOBWUrrMRplRbjpvxgxVc.jpg
336,"Walking Dead, The (1995)",Drama|War,114888,95963.0,https://image.tmdb.org/t/p/w500/c0RtcIN4oSzSZoNs0nJMevfGYS4.jpg
337,What's Eating Gilbert Grape (1993),Drama,108550,1587.0,https://image.tmdb.org/t/p/w500/8FxWgsfDNosewo7H65oE4QkOb7g.jpg
338,Virtuosity (1995),Action|Sci-Fi|Thriller,114857,9271.0,https://image.tmdb.org/t/p/w500/rLQh1tZZoiMRUKwNk92jHTaIClP.jpg
339,While You Were Sleeping (1995),Comedy|Romance,114924,2064.0,https://image.tmdb.org/t/p/w500/qNGO3ETcNwlWqK2kNRpbJSJRlos.jpg
340,"War, The (1994)",Adventure|Drama|War,111667,19855.0,https://image.tmdb.org/t/p/w500/eMJYqr5zs7rz54oZhiX4ez1BI5E.jpg
341,Double Happiness (1994),Drama,109655,60855.0,https://image.tmdb.org/t/p/w500/5sbnCdiFoZLe4G27ERS7wtj1lCY.jpg
342,Muriel's Wedding (1994),Comedy,110598,236.0,https://image.tmdb.org/t/p/w500/zJyTr8Fo412a2OIfJGXTRAm4IwX.jpg
343,"Baby-Sitters Club, The (1995)",Children,112435,48287.0,https://image.tmdb.org/t/p/w500/juT5eKRDhmluaiVhymjViyXArCq.jpg
344,Ace Ventura: Pet Detective (1994),Comedy,109040,3049.0,https://image.tmdb.org/t/p/w500/yaHnZqJvsSddOKYxf4zCj2Ww2hA.jpg
345,"Adventures of Priscilla, Queen of the Desert, The (1994)",Comedy|Drama,109045,2759.0,https://image.tmdb.org/t/p/w500/J6IseZVnDNWs12Wbqquh42iYqy.jpg
346,Backbeat (1993),Drama|Musical,106339,12635.0,https://image.tmdb.org/t/p/w500/1BuFx7P8veAUUZDXqdMNhtdCUSM.jpg
347,Bitter Moon (1992),Drama|Film-Noir|Romance,104779,10497.0,https://image.tmdb.org/t/p/w500/bW7E4cLWh0elRRbp2VCrtXrY1if.jpg
348,Bullets Over Broadway (1994),Comedy,109348,11382.0,https://image.tmdb.org/t/p/w500/mY9D1oCLeDKNMdUO8EV7MoCZ3up.jpg
349,Clear and Present Danger (1994),Action|Crime|Drama|Thriller,109444,9331.0,https://image.tmdb.org/t/p/w500/6xTM8FPxrLRYwz6I3fqtwh7xybs.jpg
350,"Client, The (1994)",Drama|Mystery|Thriller,109446,10731.0,https://image.tmdb.org/t/p/w500/oLdkJ4ZjxPtFSUChdjDQvHM9l75.jpg
351,"Corrina, Corrina (1994)",Comedy|Drama|Romance,109484,10464.0,https://image.tmdb.org/t/p/w500/xuEubxRGut2Yh118RyNa6ruXXCp.jpg
352,Crooklyn (1994),Comedy|Drama,109504,34152.0,https://image.tmdb.org/t/p/w500/iFqe07F78SO0SIBzWcK4I5MwNvP.jpg
353,"Crow, The (1994)",Action|Crime|Fantasy|Thriller,109506,9495.0,https://image.tmdb.org/t/p/w500/rMMB3v6jYHjsvXRNJYESacoTD7j.jpg
354,Cobb (1994),Drama,109450,29973.0,https://image.tmdb.org/t/p/w500/clOqh9is8vWZvX6AUjF4HtLdQMj.jpg
355,"Flintstones, The (1994)",Children|Comedy|Fantasy,109813,888.0,https://image.tmdb.org/t/p/w500/ocsb0qiGlcn6UlcDRHa3xxSCc8Y.jpg
356,Forrest Gump (1994),Comedy|Drama|Romance|War,109830,13.0,https://image.tmdb.org/t/p/w500/arw2vcBveWOVZr6pxd9XTd1TdQa.jpg
357,Four Weddings and a Funeral (1994),Comedy|Romance,109831,712.0,https://image.tmdb.org/t/p/w500/qa72G2VS0bpxms6yo0tI9vsHm2e.jpg
358,Higher Learning (1995),Drama,113305,16295.0,https://image.tmdb.org/t/p/w500/tuud1Blsdwo1KQRdz5UVwjlLAWQ.jpg
359,I Like It Like That (1994),Comedy|Drama|Romance,110091,48992.0,https://image.tmdb.org/t/p/w500/aCxh21UPLHi7Pxm9ykH1GNx39OW.jpg
360,I Love Trouble (1994),Action|Comedy,110093,10879.0,https://image.tmdb.org/t/p/w500/lXpbYJQJ7tvYZ8S29Nwpzsh07PN.jpg
361,It Could Happen to You (1994),Comedy|Drama|Romance,110167,10660.0,https://image.tmdb.org/t/p/w500/6UOaeLDOdwwTMQtbl5YL6EGjqy0.jpg
362,"Jungle Book, The (1994)",Adventure|Children|Romance,110213,10714.0,https://image.tmdb.org/t/p/w500/rYoE6cuup9Ofam6AuYaiJLxF9OO.jpg
363,"Wonderful, Horrible Life of Leni Riefenstahl, The (Macht der Bilder: Leni Riefenstahl, Die) (1993)",Documentary,107472,41647.0,https://image.tmdb.org/t/p/w500/qFqmjoQwOjo3YgxSw7Q3mMOzx4A.jpg
364,"Lion King, The (1994)",Adventure|Animation|Children|Drama|Musical|IMAX,110357,8587.0,https://image.tmdb.org/t/p/w500/sKCr78MXSLixwmZ8DyJLrpMsd15.jpg
365,Little Buddha (1993),Drama,107426,1689.0,https://image.tmdb.org/t/p/w500/xy70xtdoKZ3PxlKkakwdhL3UFDQ.jpg
366,"Wes Craven's New Nightmare (Nightmare on Elm Street Part 7: Freddy's Finale, A) (1994)",Drama|Horror|Mystery|Thriller,111686,11596.0,https://image.tmdb.org/t/p/w500/eN3UZUYapJ2CJCD9dN0LUZLouKa.jpg
367,"Mask, The (1994)",Action|Comedy|Crime|Fantasy,110475,854.0,https://image.tmdb.org/t/p/w500/xbbXp9px4o8Oe7IbGd0yIbla8mZ.jpg
368,Maverick (1994),Adventure|Comedy|Western,110478,9359.0,https://image.tmdb.org/t/p/w500/mTVbGGi5PIexmxVzeyFd2RYKwfM.jpg
369,Mrs. Parker and the Vicious Circle (1994),Drama,110588,23333.0,https://image.tmdb.org/t/p/w500/avTHiIim0Jm0rs4ehFLck8u3NFW.jpg
370,Naked Gun 33 1/3: The Final Insult (1994),Action|Comedy,110622,36593.0,https://image.tmdb.org/t/p/w500/p0AYsdgkudR9P5fNV5AjzbwQt8W.jpg
371,"Paper, The (1994)",Comedy|Drama,110771,12280.0,https://image.tmdb.org/t/p/w500/pGPrFbucRLwVtCKCeinwAklAl0l.jpg
372,Reality Bites (1994),Comedy|Drama|Romance,110950,2788.0,https://image.tmdb.org/t/p/w500/qGDhodtpkpxkrFqokenGNJlzt6w.jpg
373,Red Rock West (1992),Thriller,105226,10427.0,https://image.tmdb.org/t/p/w500/ewofUEqU3Gpr7WSgSz3TEVPIfBg.jpg
374,Richie Rich (1994),Children|Comedy,110989,11011.0,https://image.tmdb.org/t/p/w500/qgGh5d0IHAZRlHIdFS3XWVygumR.jpg
376,"River Wild, The (1994)",Action|Thriller,110997,8987.0,https://image.tmdb.org/t/p/w500/wVgQ2T63ThjIsY4R0qoHXjyllql.jpg
377,Speed (1994),Action|Romance|Thriller,111257,1637.0,https://image.tmdb.org/t/p/w500/82PkCE4R95KhHICUDF7G4Ly2z3l.jpg
378,Speechless (1994),Comedy|Romance,111256,15128.0,https://image.tmdb.org/t/p/w500/bremBHwg2cAvFIGIRwlRtPMkgfL.jpg
379,Timecop (1994),Action|Sci-Fi|Thriller,111438,8831.0,https://image.tmdb.org/t/p/w500/bgxP6ws8ErBiarnb4S93vv0lkf4.jpg
380,True Lies (1994),Action|Adventure|Comedy|Romance|Thriller,111503,36955.0,https://image.tmdb.org/t/p/w500/pweFTnzzTfGK68woSVkiTgjLzWm.jpg
381,When a Man Loves a Woman (1994),Drama|Romance,111693,10449.0,https://image.tmdb.org/t/p/w500/cA1uMNX3sdWAWfMZbsgm1VIJYSY.jpg
382,Wolf (1994),Drama|Horror|Romance|Thriller,111742,10395.0,https://image.tmdb.org/t/p/w500/8ocZb9x6rN82i8ZzZ05j1vWKVOC.jpg
383,Wyatt Earp (1994),Western,111756,12160.0,https://image.tmdb.org/t/p/w500/51LItgyecu2KMAtIchYogEykCIu.jpg
384,Bad Company (1995),Action|Crime|Drama,112443,40480.0,https://image.tmdb.org/t/p/w500/5q5r3cpaTDByz4qko9ZWHlK3gMF.jpg
385,"Man of No Importance, A (1994)",Drama,110455,52038.0,https://image.tmdb.org/t/p/w500/nSBeudgK6eFA1kzSAR4b8ndZked.jpg
386,S.F.W. (1994),Drama,111048,29444.0,https://image.tmdb.org/t/p/w500/3bq91jWCReRrqlPn81alSoxeXoP.jpg
387,"Low Down Dirty Shame, A (1994)",Action|Comedy,110399,26352.0,https://image.tmdb.org/t/p/w500/v5XUfLrdoGfatObGXhqckYTNqFT.jpg
388,Boys Life (1995),Drama,112570,39953.0,https://image.tmdb.org/t/p/w500/jXKecGbSp36C486myi1pbe6EKAI.jpg
389,"Colonel Chabert, Le (1994)",Drama|Romance|War,109454,41580.0,https://image.tmdb.org/t/p/w500/qY9waC3FdCHPf3aMgF8l3qVqzn6.jpg
390,Faster Pussycat! Kill! Kill! (1965),Action|Crime|Drama,59170,315.0,https://image.tmdb.org/t/p/w500/4mld2L1vWqgqFQmKa7KU4HzLKPi.jpg
391,Jason's Lyric (1994),Crime|Drama,110186,22067.0,https://image.tmdb.org/t/p/w500/y3ZZJFdTYd4SezXv1gjRv19Jy32.jpg
393,Street Fighter (1994),Action|Adventure|Fantasy,111301,11667.0,https://image.tmdb.org/t/p/w500/6yh95dD2Y6uWAlPfWCZZygBM1ec.jpg
405,Highlander III: The Sorcerer (a.k.a. Highlander: The Final Dimension) (1994),Action|Fantasy,110027,8011.0,https://image.tmdb.org/t/p/w500/4lVKy9bsVw78EFhd4yHTDwgBr0U.jpg
406,Federal Hill (1994),Drama,109785,171857.0,https://image.tmdb.org/t/p/w500/qChLfULhgAhWHG9LbcBIv80r32i.jpg
407,In the Mouth of Madness (1995),Horror|Thriller,113409,2654.0,https://image.tmdb.org/t/p/w500/5fmxO0ouglNw5z14ybRWzQmqmxP.jpg
408,8 Seconds (1994),Drama,109021,18069.0,https://image.tmdb.org/t/p/w500/wqKVkOveZrK6zwfrptGLVPmnMpR.jpg
409,Above the Rim (1994),Crime|Drama,109035,19092.0,https://image.tmdb.org/t/p/w500/q7CCx8aj8uME1fBa4KzTMdeWxXu.jpg
410,Addams Family Values (1993),Children|Comedy|Fantasy,106220,2758.0,https://image.tmdb.org/t/p/w500/sdxT2VjVSx9DRicwnuECUdBHeE7.jpg
412,"Age of Innocence, The (1993)",Drama,106226,10436.0,https://image.tmdb.org/t/p/w500/5Tuyt26v7qNR8Cl3m7ZRx36rduf.jpg
413,Airheads (1994),Comedy,109068,13595.0,https://image.tmdb.org/t/p/w500/4xPG8pPMyeoec48gKWbbC85EC8j.jpg
414,"Air Up There, The (1994)",Comedy,109067,46094.0,https://image.tmdb.org/t/p/w500/lY1yhtg0DRaMTzclYCXo0sP1kAV.jpg
415,Another Stakeout (1993),Comedy|Thriller,106292,9409.0,https://image.tmdb.org/t/p/w500/hBItFUmCrRS1mel0TM69ymBD79k.jpg
416,Bad Girls (1994),Western,109198,11853.0,https://image.tmdb.org/t/p/w500/oDHzFKU50ayk2IxQRcbOSG2XTTe.jpg
417,Barcelona (1994),Comedy|Romance,109219,16771.0,https://image.tmdb.org/t/p/w500/7dgX3naR9EsFMvQhwHY8My6r5FR.jpg
418,Being Human (1993),Drama,106379,46924.0,https://image.tmdb.org/t/p/w500/1OJilNyyJPH3es0HZzebJjuPJua.jpg
419,"Beverly Hillbillies, The (1993)",Comedy,106400,11041.0,https://image.tmdb.org/t/p/w500/refYLEQvzkY63i2IHronCPQODex.jpg
420,Beverly Hills Cop III (1994),Action|Comedy|Crime|Thriller,109254,306.0,https://image.tmdb.org/t/p/w500/7vIpCkgGEfk5LZwm78nMxswLJRH.jpg
421,Black Beauty (1994),Adventure|Children|Drama,109279,14522.0,https://image.tmdb.org/t/p/w500/5uH60FBDPQoyAnc4uvU0fIB8JXv.jpg
422,Blink (1994),Thriller,109297,26203.0,https://image.tmdb.org/t/p/w500/yNlatJk6C2zYTqAUkaxtBJQKQSf.jpg
423,Blown Away (1994),Action|Thriller,109303,178.0,https://image.tmdb.org/t/p/w500/oZLQXYAlL61NGvzK0MWyUsVLyjs.jpg
424,Blue Chips (1994),Drama,109305,19819.0,https://image.tmdb.org/t/p/w500/tO71i4Ob64tchCRBB5MoqonPKAF.jpg
425,Blue Sky (1994),Drama|Romance,109306,57834.0,https://image.tmdb.org/t/p/w500/zG40OnO4Y98lo1iDHyFo5TaZyP1.jpg
426,Body Snatchers (1993),Horror|Sci-Fi|Thriller,106452,4722.0,https://image.tmdb.org/t/p/w500/s8WdtuOBvfEsuPtbQVpNfEgd5aR.jpg
427,Boxing Helena (1993),Drama|Mystery|Romance|Thriller,106471,18215.0,https://image.tmdb.org/t/p/w500/vgs0h94IllpZRheIjBTonjR7Zf2.jpg
428,"Bronx Tale, A (1993)",Drama,106489,1607.0,https://image.tmdb.org/t/p/w500/sDbO6LmLYtyqAoFTPpRcMgPSCEO.jpg
429,Cabin Boy (1994),Comedy,109361,26391.0,https://image.tmdb.org/t/p/w500/xy2BzE3siqU67VQCQ2k4xideNNM.jpg
430,Calendar Girl (1993),Comedy|Drama,106505,117553.0,https://image.tmdb.org/t/p/w500/ljSqZTl5oophHsH1Qtyv7AF2BW6.jpg
431,Carlito's Way (1993),Crime|Drama,106519,6075.0,https://image.tmdb.org/t/p/w500/g6D7mjQtndu768cusGmoEQY9fTB.jpg
432,City Slickers II: The Legend of Curly's Gold (1994),Adventure|Comedy|Western,109439,11310.0,https://image.tmdb.org/t/p/w500/gh0lsyJARglhpbKmnY8i8M7V5bI.jpg
433,Clean Slate (1994),Comedy,109443,18658.0,https://image.tmdb.org/t/p/w500/kAYsvQvBVshLHGTIDGHcj9jTJq0.jpg
434,Cliffhanger (1993),Action|Adventure|Thriller,106582,9350.0,https://image.tmdb.org/t/p/w500/b28DOM54OHb1c7Lsk6Nu7Kwuonj.jpg
435,Coneheads (1993),Comedy|Sci-Fi,106598,9612.0,https://image.tmdb.org/t/p/w500/4eHnstayi28SCHv8ATcISFEv1Rl.jpg
436,Color of Night (1994),Drama|Thriller,109456,2124.0,https://image.tmdb.org/t/p/w500/584MXUHljFOvhHVc9oXtHuq12U8.jpg
437,Cops and Robbersons (1994),Comedy,109480,26261.0,https://image.tmdb.org/t/p/w500/wnkWgFU5UcLwbExCp1YtCg5Ox4E.jpg
438,"Cowboy Way, The (1994)",Action|Comedy|Drama,109493,19176.0,https://image.tmdb.org/t/p/w500/r7sckMs1xy4fXYGzzs6anofu10F.jpg
440,Dave (1993),Comedy|Romance,106673,11566.0,https://image.tmdb.org/t/p/w500/wIUuf1NFchdCJe833JBTiSMzqfv.jpg
441,Dazed and Confused (1993),Comedy,106677,9571.0,https://image.tmdb.org/t/p/w500/msG9awbLhVZwv1Eh9Ge7SofMexW.jpg
442,Demolition Man (1993),Action|Adventure|Sci-Fi,106697,9739.0,https://image.tmdb.org/t/p/w500/dq6AmlVFo92PRuoLCcIyFdoRuxf.jpg
444,Even Cowgirls Get the Blues (1993),Comedy|Romance,106834,34444.0,https://image.tmdb.org/t/p/w500/20x8nm0nPXkYv04COAHFA2AHyAl.jpg
445,Fatal Instinct (1993),Comedy,106873,26141.0,https://image.tmdb.org/t/p/w500/syewFnehGbbya5BdxoHLzrcm5Ne.jpg
446,Farewell My Concubine (Ba wang bie ji) (1993),Drama|Romance,106332,10997.0,https://image.tmdb.org/t/p/w500/f54hNIiHNINw3JiUJB2XaQl5wCN.jpg
448,Fearless (1993),Drama,106881,10443.0,https://image.tmdb.org/t/p/w500/yiCAa85nJJDFiq0LmZ2Fgvu4RgY.jpg
449,Fear of a Black Hat (1994),Comedy,106880,20239.0,https://image.tmdb.org/t/p/w500/jiJp7B74GBKJK8yCqLjMaFu24nJ.jpg
450,With Honors (1994),Comedy|Drama,111732,16297.0,https://image.tmdb.org/t/p/w500/iMcSUbMT13Rb8fmhwvanVAMwRW.jpg
451,Flesh and Bone (1993),Drama|Mystery|Romance,106926,18551.0,https://image.tmdb.org/t/p/w500/gNaZSODlVRiQltGWjS8vQZEYJTq.jpg
452,Widows' Peak (1994),Drama,111712,25440.0,https://image.tmdb.org/t/p/w500/xXyVUwvJesJJChzpvn7xj5cAOfm.jpg
453,For Love or Money (1993),Comedy|Romance,106941,9024.0,https://image.tmdb.org/t/p/w500/x1twBUsthHeA7FwOxPpQWtJb9zy.jpg
454,"Firm, The (1993)",Drama|Thriller,106918,37233.0,https://image.tmdb.org/t/p/w500/i9a4vbkzausnAzH07IOusX3ToTv.jpg
455,Free Willy (1993),Adventure|Children|Drama,106965,1634.0,https://image.tmdb.org/t/p/w500/9iBgd9gi9ztWiVcYSG6zl8wDFBN.jpg
456,Fresh (1994),Crime|Drama|Thriller,109842,13815.0,https://image.tmdb.org/t/p/w500/uXRIIUzjDZZdWR2cUzPJ9eAqaHv.jpg
457,"Fugitive, The (1993)",Thriller,106977,5503.0,https://image.tmdb.org/t/p/w500/b3rEtLKyOnF89mcK75GXDXdmOEf.jpg
458,Geronimo: An American Legend (1993),Drama|Western,107004,35588.0,https://image.tmdb.org/t/p/w500/oW4IM0G5fCR68YalmemTGbPK15F.jpg
459,"Getaway, The (1994)",Action|Adventure|Crime|Drama|Romance|Thriller,109890,2087.0,https://image.tmdb.org/t/p/w500/4tWvZ4BQu3ICmtUL8lXHa9OgkoF.jpg
460,Getting Even with Dad (1994),Comedy,109891,41579.0,https://image.tmdb.org/t/p/w500/yZLcdtT8UVlj6j3H8Rl51PxIdza.jpg
461,Go Fish (1994),Drama|Romance,109913,18620.0,https://image.tmdb.org/t/p/w500/4hczdEX2RmQTOmiIKygoOYCy0bI.jpg
464,Hard Target (1993),Action|Adventure|Crime|Thriller,107076,2019.0,https://image.tmdb.org/t/p/w500/kufvuQYWdl82sYzmhy2naBLyMui.jpg
466,Hot Shots! Part Deux (1993),Action|Comedy|War,107144,9255.0,https://image.tmdb.org/t/p/w500/zh9EGK970GHo10ETclWBOjZVUOK.jpg
467,Live Nude Girls (1995),Comedy,113674,26271.0,https://image.tmdb.org/t/p/w500/vg9piYFtCTHep2V5EmLjwsYMzn2.jpg
468,"Englishman Who Went Up a Hill But Came Down a Mountain, The (1995)",Comedy|Romance,112966,10612.0,https://image.tmdb.org/t/p/w500/dnatrgiXFf6BLfb2IKHVmg9tCi7.jpg
469,"House of the Spirits, The (1993)",Drama|Romance,107151,2259.0,https://image.tmdb.org/t/p/w500/q0YyNTvooXI9ZF71dAYKcRwqlGn.jpg
470,House Party 3 (1994),Comedy,110064,16097.0,https://image.tmdb.org/t/p/w500/jLUgvHO3vVLkzKs3OcYksGPbLnA.jpg
471,"Hudsucker Proxy, The (1994)",Comedy,110074,11934.0,https://image.tmdb.org/t/p/w500/yWKm4yzRU4hokkbYCJ34vwVwb9R.jpg
472,I'll Do Anything (1994),Comedy|Drama,110097,106143.0,https://image.tmdb.org/t/p/w500/q7CFDCUNfuOxZssINLGkPE9m2l1.jpg
473,In the Army Now (1994),Comedy|War,110123,12475.0,https://image.tmdb.org/t/p/w500/cNIIDaJM9nsDP9tTmAN6sjKpeiN.jpg
474,In the Line of Fire (1993),Action|Thriller,107206,9386.0,https://image.tmdb.org/t/p/w500/3NvOFpmyECI3DNExYMtFIRcGMsu.jpg
475,In the Name of the Father (1993),Drama,107207,7984.0,https://image.tmdb.org/t/p/w500/5HaQacOMOjA2wX1XnwnDd2VaXCf.jpg
476,"Inkwell, The (1994)",Comedy|Drama,110137,59930.0,https://image.tmdb.org/t/p/w500/b5qUq9l6ci9KzzAqYhpdxzjY7qi.jpg
477,What's Love Got to Do with It? (1993),Drama|Musical,108551,15765.0,https://image.tmdb.org/t/p/w500/vNAYuA26Wtf7VfzZEaxZQmJTE4Z.jpg
478,Jimmy Hollywood (1994),Comedy|Crime|Drama,110197,31643.0,https://image.tmdb.org/t/p/w500/sTLLLD6shSp6lrbIKa4v5N4wDso.jpg
479,Judgment Night (1993),Action|Crime|Thriller,107286,6.0,https://image.tmdb.org/t/p/w500/3rvvpS9YPM5HB2f4HYiNiJVtdam.jpg
480,Jurassic Park (1993),Action|Adventure|Sci-Fi|Thriller,107290,329.0,https://image.tmdb.org/t/p/w500/oU7Oq2kFAAlGqbU4VoAE36g4hoI.jpg
481,Kalifornia (1993),Drama|Thriller,107302,10909.0,https://image.tmdb.org/t/p/w500/4E39RrmgXspAqGro2poDEdjvAnh.jpg
482,Killing Zoe (1994),Crime|Drama|Thriller,110265,507.0,https://image.tmdb.org/t/p/w500/k3UEKMVnkljOlsO5sLmz87YGlaG.jpg
484,Lassie (1994),Adventure|Children,110305,29918.0,https://image.tmdb.org/t/p/w500/5Tz2rzFivQKmMBz5T8Cj7M7CdnI.jpg
485,Last Action Hero (1993),Action|Adventure|Comedy|Fantasy,107362,9593.0,https://image.tmdb.org/t/p/w500/yTfjHPqh7C7bkfMtEKx2mPdorQw.jpg
486,Life with Mikey (1993),Comedy,107413,42580.0,https://image.tmdb.org/t/p/w500/dKsvF5t5xsm17HG3GJzQQGJpJzP.jpg
487,Lightning Jack (1994),Comedy|Western,110353,22317.0,https://image.tmdb.org/t/p/w500/4YoRERjKWO2442ezcvgEjAZuxWP.jpg
488,M. Butterfly (1993),Drama|Romance,107468,1413.0,https://image.tmdb.org/t/p/w500/vfutnJ9sgpAtNuPemksd26gd5dC.jpg
489,Made in America (1993),Comedy,107478,12121.0,https://image.tmdb.org/t/p/w500/2frB553lKEm1q4dds5PUqLNQA3z.jpg
490,Malice (1993),Thriller,107497,2246.0,https://image.tmdb.org/t/p/w500/oQoe4eIzDjQSSqGvLgJFjXtEkNv.jpg
491,"Man Without a Face, The (1993)",Drama,107501,10502.0,https://image.tmdb.org/t/p/w500/9dmH2jc6jwlZo90JQTFOx4XaBWt.jpg
492,Manhattan Murder Mystery (1993),Comedy|Mystery,107507,10440.0,https://image.tmdb.org/t/p/w500/zrzBIlMyAP7Ac9W5qAy5ssAUdK4.jpg
493,Menace II Society (1993),Action|Crime|Drama,107554,9516.0,https://image.tmdb.org/t/p/w500/guvPiEOeXwROpfCb2LkHkVEvOck.jpg
494,Executive Decision (1996),Action|Adventure|Thriller,116253,2320.0,https://image.tmdb.org/t/p/w500/hLjXkFr9fHlWzRVwu1T31QSVHRq.jpg
495,In the Realm of the Senses (Ai no corrida) (1976),Drama,74102,5879.0,https://image.tmdb.org/t/p/w500/qrqK8wbk9bFPM0xvrIX0WckGUpl.jpg
496,What Happened Was... (1994),Comedy|Drama|Romance|Thriller,111689,83718.0,https://image.tmdb.org/t/p/w500/mke5aNX5cT6JIWk2ER4ng9dGNNL.jpg
497,Much Ado About Nothing (1993),Comedy|Romance,107616,11971.0,https://image.tmdb.org/t/p/w500/tvltGP6vYOkHdURag0jPSjhPUAV.jpg
499,Mr. Wonderful (1993),Comedy|Romance,107613,31911.0,https://image.tmdb.org/t/p/w500/AtUjyMEXPR41JWZzGfHEzgmrrHq.jpg
500,Mrs. Doubtfire (1993),Comedy|Drama,107614,788.0,https://image.tmdb.org/t/p/w500/shHrSmXS5140o6sQzgzXxn3KqSm.jpg
501,Naked (1993),Drama,107653,21450.0,https://image.tmdb.org/t/p/w500/xMYP4uaNeyPmX4FQ2xxWk2eIN6K.jpg
502,"Next Karate Kid, The (1994)",Action|Children|Romance,110657,11231.0,https://image.tmdb.org/t/p/w500/wI3gCi9w1cuUJCiwhviAy46we9Q.jpg
504,No Escape (1994),Action|Drama|Sci-Fi,110678,10447.0,https://image.tmdb.org/t/p/w500/jRwMdEb5bxwVARU2VmOADTflLfZ.jpg
505,North (1994),Comedy,110687,31586.0,https://image.tmdb.org/t/p/w500/e4JEG7dstmurXMUPOW9Jy6UDR9F.jpg
506,Orlando (1992),Drama|Fantasy|Romance,107756,9300.0,https://image.tmdb.org/t/p/w500/otSCGdKzEeVgbfNl0YslOpRZHgk.jpg
507,"Perfect World, A (1993)",Crime|Drama|Thriller,107808,9559.0,https://image.tmdb.org/t/p/w500/1II9kMjOuho3pnEvxkpx7e3ozOO.jpg
508,Philadelphia (1993),Drama,107818,9800.0,https://image.tmdb.org/t/p/w500/tFe5Yoo5zT495okA49bq1vPPkiV.jpg
509,"Piano, The (1993)",Drama|Romance,107822,713.0,https://image.tmdb.org/t/p/w500/rx8RKXn8OtuS6lqloYsjyrGOUp4.jpg
510,Poetic Justice (1993),Drama,107840,8291.0,https://image.tmdb.org/t/p/w500/fOtMHxhYaCQcu3dwWpg7lz4Bqo0.jpg
511,"Program, The (1993)",Action|Drama,107889,18133.0,https://image.tmdb.org/t/p/w500/4pdbutHc9SLEPmdLKtlVffiLByP.jpg
512,"Puppet Masters, The (1994)",Horror|Sci-Fi,111003,25557.0,https://image.tmdb.org/t/p/w500/mzq5uA0P5nfTH8Fl7OESeuDop8P.jpg
513,Radioland Murders (1994),Comedy|Mystery|Romance,110939,22588.0,https://image.tmdb.org/t/p/w500/l9pvl3AH4UsUvLn4yUP0RR4pltx.jpg
514,"Ref, The (1994)",Comedy,110955,10872.0,https://image.tmdb.org/t/p/w500/bxMjOeECQxHPf6QvkBChdxaOxVh.jpg
515,"Remains of the Day, The (1993)",Drama|Romance,107943,1245.0,https://image.tmdb.org/t/p/w500/uDGDtqSvuch324WnM7Ukdp1bCAQ.jpg
516,Renaissance Man (1994),Comedy|Drama,110971,11858.0,https://image.tmdb.org/t/p/w500/iPRtaSfN8gNWFclgrcg5oD3V41i.jpg
517,Rising Sun (1993),Action|Drama|Mystery,107969,7007.0,https://image.tmdb.org/t/p/w500/jVWEeZ383peKxwE284AdyHqq6GH.jpg
518,"Road to Wellville, The (1994)",Comedy,111001,10467.0,https://image.tmdb.org/t/p/w500/zh7OVdFMpqpZ027z9RgVIwzxYjZ.jpg
519,RoboCop 3 (1993),Action|Crime|Drama|Sci-Fi|Thriller,107978,5550.0,https://image.tmdb.org/t/p/w500/ppLSSwCuC5ERRWbu9H3R8SPL9AM.jpg
520,Robin Hood: Men in Tights (1993),Comedy,107977,8005.0,https://image.tmdb.org/t/p/w500/b59epUgkPPBqgWcu5Q0YrYRKDx1.jpg
521,Romeo Is Bleeding (1993),Crime|Thriller,107983,2088.0,https://image.tmdb.org/t/p/w500/mgCwAZBG0PCkZflC6nzsxwvG2vu.jpg
522,Romper Stomper (1992),Action|Drama,105275,10412.0,https://image.tmdb.org/t/p/w500/w5v1la4WQgh5c2faGUDRnMqKmhk.jpg
523,Ruby in Paradise (1993),Drama,108000,47889.0,https://image.tmdb.org/t/p/w500/gk0vbIVYwpXxSf1wQbS2r9IsBoV.jpg
524,Rudy (1993),Drama,108002,14534.0,https://image.tmdb.org/t/p/w500/fAbfTCRpjHe2rprXBly55KL1dL9.jpg
526,"Savage Nights (Nuits fauves, Les) (1992)",Drama,105032,41878.0,https://image.tmdb.org/t/p/w500/5Onj1lmo28QklT5iiEdYlKygO7h.jpg
527,Schindler's List (1993),Drama|War,108052,424.0,https://image.tmdb.org/t/p/w500/sF1U4EUQS8YHUYjNl3pMGNIQyr0.jpg
528,"Scout, The (1994)",Comedy|Drama,111094,35233.0,https://image.tmdb.org/t/p/w500/t6MEMKcUMJB259LZx45uR6c3nVc.jpg
529,Searching for Bobby Fischer (1993),Drama,108065,14291.0,https://image.tmdb.org/t/p/w500/oAJpHkMpfXiFY9F3HocIz9fhHLc.jpg
531,"Secret Garden, The (1993)",Children|Drama,108071,11236.0,https://image.tmdb.org/t/p/w500/zf6h5dJ7wVG7LqMO9dhHGHVejzj.jpg
532,Serial Mom (1994),Comedy|Crime|Horror,111127,11592.0,https://image.tmdb.org/t/p/w500/svjDGRzT5IsR1odhBOPPBLSF4sm.jpg
533,"Shadow, The (1994)",Action|Adventure|Fantasy|Mystery,111143,8850.0,https://image.tmdb.org/t/p/w500/xAbFJH3vQYZvUyzzGAtG4OLy492.jpg
534,Shadowlands (1993),Drama|Romance,108101,10445.0,https://image.tmdb.org/t/p/w500/5jTWY1M2O4Zhid4rLOpftzazRGn.jpg
535,Short Cuts (1993),Drama,108122,695.0,https://image.tmdb.org/t/p/w500/nAEBc3g9bHAcF9whKFMfIxHxVwn.jpg
536,"Simple Twist of Fate, A (1994)",Drama,111194,43535.0,https://image.tmdb.org/t/p/w500/2Jorj80Y4EVEAPDRVVdDXKSVUTw.jpg
537,Sirens (1994),Drama,111201,12519.0,https://image.tmdb.org/t/p/w500/bOUDHgOlxANs1KsYZEsLSjZBTkd.jpg
538,Six Degrees of Separation (1993),Drama,108149,23210.0,https://image.tmdb.org/t/p/w500/oH0bl69uZZA6dAclgFRkm1Vwcry.jpg
539,Sleepless in Seattle (1993),Comedy|Drama|Romance,108160,858.0,https://image.tmdb.org/t/p/w500/iLWsLVrfkFvOXOG9PbUAYg7AK3E.jpg
540,Sliver (1993),Thriller,108162,867.0,https://image.tmdb.org/t/p/w500/g7PC2e2KqDkIfOoJx9iXJJez99d.jpg
541,Blade Runner (1982),Action|Sci-Fi|Thriller,83658,78.0,https://image.tmdb.org/t/p/w500/63N9uy8nd9j7Eog2axPQ8lbr3Wj.jpg
542,Son in Law (1993),Comedy|Drama|Romance,108186,13203.0,https://image.tmdb.org/t/p/w500/A1PzB78kLgJRhslXumMTFjsIUcV.jpg
543,So I Married an Axe Murderer (1993),Comedy|Romance|Thriller,108174,10442.0,https://image.tmdb.org/t/p/w500/wMr6ZjfOnCHOA9Qm3jvo0e7nzfx.jpg
544,Striking Distance (1993),Action|Crime,108238,11074.0,https://image.tmdb.org/t/p/w500/1bLazrQWJQhO6u58vJZXJZ3ZFDh.jpg
546,Super Mario Bros. (1993),Action|Adventure|Children|Comedy|Fantasy|Sci-Fi,108255,9607.0,https://image.tmdb.org/t/p/w500/yt5bbMfKpg1nRr4k5edxs7tPK2m.jpg
547,Surviving the Game (1994),Action|Adventure|Thriller,111323,17585.0,https://image.tmdb.org/t/p/w500/wRtpJFGney5gqHmMb3JjT5WN3FH.jpg
548,Terminal Velocity (1994),Action|Mystery|Thriller,111400,9057.0,https://image.tmdb.org/t/p/w500/jmxE6kKhXaqD2ZKJQO8FYDaLgQ5.jpg
549,Thirty-Two Short Films About Glenn Gould (1993),Drama|Musical,108328,20967.0,https://image.tmdb.org/t/p/w500/gIvypJ6N8aUN9DoeRY1siPDF9AW.jpg
550,Threesome (1994),Comedy|Romance,111418,10635.0,https://image.tmdb.org/t/p/w500/gHXXhuGJKUjq5Pl9RNgfQbqLIxw.jpg
551,"Nightmare Before Christmas, The (1993)",Animation|Children|Fantasy|Musical,107688,9479.0,https://image.tmdb.org/t/p/w500/oQffRNjK8e19rF7xVYEN8ew0j7b.jpg
552,"Three Musketeers, The (1993)",Action|Adventure|Comedy|Romance,108333,10057.0,https://image.tmdb.org/t/p/w500/mk8UH7JRmK8adcqJJpB1ygP7B1C.jpg
553,Tombstone (1993),Action|Drama|Western,108358,11969.0,https://image.tmdb.org/t/p/w500/f6Lb4bpUW2AJW42Hpnix2533RKU.jpg
555,True Romance (1993),Crime|Thriller,108399,319.0,https://image.tmdb.org/t/p/w500/39lXk6ud6KiJgGbbWI2PUKS7y2.jpg
556,"War Room, The (1993)",Documentary,108515,26408.0,https://image.tmdb.org/t/p/w500/prfxsyG4SnlnqqulavCJ4RksFUA.jpg
558,"Pagemaster, The (1994)",Action|Adventure|Animation|Children|Fantasy,110763,15139.0,https://image.tmdb.org/t/p/w500/etctWkYFfP7voGM3rd7uqxQJavY.jpg
562,Welcome to the Dollhouse (1995),Comedy|Drama,114906,11446.0,https://image.tmdb.org/t/p/w500/jWP9OUb8Xl3PQ9qxpXFkreFMqEH.jpg
563,Germinal (1993),Drama|Romance,107002,51980.0,https://image.tmdb.org/t/p/w500/cizv23RUxcpTrQt4kcOz7Sv6YJl.jpg
564,Chasers (1994),Comedy,109403,24405.0,https://image.tmdb.org/t/p/w500/mEG6fTyTjsA1vzTTqCXsiJzjdQ5.jpg
567,Kika (1993),Comedy|Drama,107315,8223.0,https://image.tmdb.org/t/p/w500/jUEBKaMqcvrz0HHF8Cei8asjRWr.jpg
568,Bhaji on the Beach (1993),Comedy|Drama,106408,14587.0,https://image.tmdb.org/t/p/w500/3J5XZgf0NsvTumKMXMqPz5dNhfY.jpg
569,Little Big League (1994),Comedy|Drama,110363,31504.0,https://image.tmdb.org/t/p/w500/dyZ6Agvh2yAFe91J8pJroAPCZgh.jpg
573,"Ciao, Professore! (Io speriamo che me la cavo) (1992)",Drama,107225,23637.0,https://image.tmdb.org/t/p/w500/b4wZkB4FNUi7SK46Tw9kxT5oW8M.jpg
574,Spanking the Monkey (1994),Comedy|Drama,111252,17600.0,https://image.tmdb.org/t/p/w500/cXgBxiPn1GBVMZX7mPsMSMjpfmt.jpg
575,"Little Rascals, The (1994)",Children|Comedy,110366,10897.0,https://image.tmdb.org/t/p/w500/qI7PKX2JSw4yD2iQm3pyHvKir28.jpg
577,Andre (1994),Adventure|Children|Drama,109120,21352.0,https://image.tmdb.org/t/p/w500/uo5BozBpQfKXGLPUeUkwBGLG0XW.jpg
579,"Escort, The (Scorta, La) (1993)",Crime|Thriller,108059,68806.0,https://image.tmdb.org/t/p/w500/3R7E9fuuu3kftGXkNibWDejRO0K.jpg
580,Princess Caraboo (1994),Drama,110892,37345.0,https://image.tmdb.org/t/p/w500/a3Fw33tSGdO2eV8SULQigOITzH4.jpg
581,"Celluloid Closet, The (1995)",Documentary,112651,32562.0,https://image.tmdb.org/t/p/w500/x0DSh3uMeQk6EG1DHjGJUywN7C0.jpg
583,Dear Diary (Caro Diario) (1994),Comedy|Drama,109382,25403.0,https://image.tmdb.org/t/p/w500/3BV4iLXqPdcQzfKpLVaLuWdRY25.jpg
585,"Brady Bunch Movie, The (1995)",Comedy,112572,9066.0,https://image.tmdb.org/t/p/w500/kbJfBJh5vEf5356Jlm6P37H48hD.jpg
586,Home Alone (1990),Children|Comedy,99785,771.0,https://image.tmdb.org/t/p/w500/onTSipZ8R3bliBdKfPtsDuHTdlL.jpg
587,Ghost (1990),Comedy|Drama|Fantasy|Romance|Thriller,99653,251.0,https://image.tmdb.org/t/p/w500/w9RaPHov8oM5cnzeE27isnFMsvS.jpg
588,Aladdin (1992),Adventure|Animation|Children|Comedy|Musical,103639,812.0,https://image.tmdb.org/t/p/w500/eLFfl7vS8dkeG1hKp5mwbm37V83.jpg
589,Terminator 2: Judgment Day (1991),Action|Sci-Fi,103064,280.0,https://image.tmdb.org/t/p/w500/5M0j0B18abtBI5gi2RhfjjurTqb.jpg
590,Dances with Wolves (1990),Adventure|Drama|Western,99348,581.0,https://image.tmdb.org/t/p/w500/cvaBVpS0GzKqBd63pFT8f1E8OKv.jpg
592,Batman (1989),Action|Crime|Thriller,96895,268.0,https://image.tmdb.org/t/p/w500/oYWUsIVoMl2H6Xl3FTBi9R9Y4OS.jpg
593,"Silence of the Lambs, The (1991)",Crime|Horror|Thriller,102926,274.0,https://image.tmdb.org/t/p/w500/uS9m8OBk1A8eM9I042bx8XXpqAq.jpg
594,Snow White and the Seven Dwarfs (1937),Animation|Children|Drama|Fantasy|Musical,29583,408.0,https://image.tmdb.org/t/p/w500/3VAHfuNb6Z7UiW12iYKANSPBl8m.jpg
595,Beauty and the Beast (1991),Animation|Children|Fantasy|Musical|Romance|IMAX,101414,10020.0,https://image.tmdb.org/t/p/w500/hUJ0UvQ5tgE2Z9WpfuduVSdiCiU.jpg
596,Pinocchio (1940),Animation|Children|Fantasy|Musical,32910,10895.0,https://image.tmdb.org/t/p/w500/bnZJrLRnoQHpzEJdka1KYfsAF3N.jpg
597,Pretty Woman (1990),Comedy|Romance,100405,114.0,https://image.tmdb.org/t/p/w500/hVHUfT801LQATGd26VPzhorIYza.jpg
599,"Wild Bunch, The (1969)",Adventure|Western,65214,576.0,https://image.tmdb.org/t/p/w500/8j9yEC3xjy1PJDSizIbaxcHaSph.jpg
600,Love and a .45 (1994),Action|Comedy|Crime,110395,15477.0,https://image.tmdb.org/t/p/w500/96a45owsQJiBMKw4Iw8zjRZu2AB.jpg
602,"Great Day in Harlem, A (1994)",Documentary,109934,124472.0,https://image.tmdb.org/t/p/w500/606IorDjRMQZYaEdPBvjM8uI6qm.jpg
605,One Fine Day (1996),Drama|Romance,117247,7300.0,https://image.tmdb.org/t/p/w500/Ao6OFtTH93p0yZ4vFNjHz5QgPrB.jpg
606,Candyman: Farewell to the Flesh (1995),Fantasy|Horror,112625,10824.0,https://image.tmdb.org/t/p/w500/2scgM9dFaHEppWb3tS99gCAh8KX.jpg
608,Fargo (1996),Comedy|Crime|Drama|Thriller,116282,275.0,https://image.tmdb.org/t/p/w500/rt7cpEr1uP6RTZykBFhBTcRaKvG.jpg
609,Homeward Bound II: Lost in San Francisco (1996),Adventure|Children,116552,25059.0,https://image.tmdb.org/t/p/w500/kfYawa9SF9MQ3ae0TXAfhDLFGv7.jpg
610,Heavy Metal (1981),Action|Adventure|Animation|Horror|Sci-Fi,82509,11827.0,https://image.tmdb.org/t/p/w500/atUtWrDlLzT1yeVK2EoYtvbS963.jpg
611,Hellraiser: Bloodline (1996),Action|Horror|Sci-Fi,116514,8766.0,https://image.tmdb.org/t/p/w500/tCQsVackQil2fl5TzOYrCAI6All.jpg
612,"Pallbearer, The (1996)",Comedy,117283,23570.0,https://image.tmdb.org/t/p/w500/d0Z5nZAZltUeZauVfBWApt8lKTN.jpg
613,Jane Eyre (1996),Drama|Romance,116684,47333.0,https://image.tmdb.org/t/p/w500/2vyt97wy8dEJYILoDoiPwTzLnzK.jpg
615,Bread and Chocolate (Pane e cioccolata) (1973),Comedy|Drama,70506,51242.0,https://image.tmdb.org/t/p/w500/24D3e6xBPEvqlFoq4tSMVqVQ3TO.jpg
616,"Aristocats, The (1970)",Animation|Children,65421,10112.0,https://image.tmdb.org/t/p/w500/g6eNiFFakVOpEZvx8sL6IfFsrJE.jpg
617,"Flower of My Secret, The (La flor de mi secreto) (1995)",Comedy|Drama,113083,4307.0,https://image.tmdb.org/t/p/w500/iYBuLANAg6YYSNT3SfgmmpzhQCE.jpg
618,Two Much (1995),Comedy|Romance,118001,46029.0,https://image.tmdb.org/t/p/w500/65WB70Jhi3G2c5C41PyL5pl9L9p.jpg
619,Ed (1996),Comedy,116165,32308.0,https://image.tmdb.org/t/p/w500/oSNX3zyTpRMN0ExtOobt7eaJfPD.jpg
626,"Thin Line Between Love and Hate, A (1996)",Comedy,117891,28121.0,https://image.tmdb.org/t/p/w500/wo9AGi5LlFXZUj8MDPq3eKCUMpd.jpg
627,"Last Supper, The (1995)",Drama|Thriller,113613,12520.0,https://image.tmdb.org/t/p/w500/oIgPiiM0qD1mCo1SYG3Sd0vmKTa.jpg
628,Primal Fear (1996),Crime|Drama|Mystery|Thriller,117381,1592.0,https://image.tmdb.org/t/p/w500/qJf2TzE8nRTFbFMPJNW6c8mI0KU.jpg
631,All Dogs Go to Heaven 2 (1996),Adventure|Animation|Children|Fantasy|Musical|Romance,115509,19042.0,https://image.tmdb.org/t/p/w500/kNmIJILOW9qF2F1Z0qOXkadaS50.jpg
632,Land and Freedom (Tierra y libertad) (1995),Drama|War,114671,38884.0,https://image.tmdb.org/t/p/w500/u5QRqW0vFYMHFzeQJ4oFgJtu5Xp.jpg
633,Denise Calls Up (1995),Comedy,112844,47449.0,https://image.tmdb.org/t/p/w500/ab8iYcRfEAFwzcrkYP8tJBISX1E.jpg
634,Theodore Rex (1995),Comedy,114658,36259.0,https://image.tmdb.org/t/p/w500/fUUbOE91SK4GCpiyftEY5USjCh1.jpg
635,"Family Thing, A (1996)",Comedy|Drama,116275,41852.0,https://image.tmdb.org/t/p/w500/v6BAse5R1jaTgxXNKMpdphVFZTh.jpg
636,Frisk (1995),Drama,113122,40926.0,https://image.tmdb.org/t/p/w500/2BsmfL2wr4sAjrsBFePewmslnXO.jpg
637,Sgt. Bilko (1996),Comedy,117608,9099.0,https://image.tmdb.org/t/p/w500/q4zmVdQq35ZBj8uyxsU2RCPOQxo.jpg
638,Jack and Sarah (1995),Romance,113448,2021.0,https://image.tmdb.org/t/p/w500/yWMj1KMfnixB35qa2IZKniHF4sn.jpg
639,Girl 6 (1996),Comedy|Drama,116414,61752.0,https://image.tmdb.org/t/p/w500/un5YpVy7fxb7PxlRlQqLusVM2SM.jpg
640,Diabolique (1996),Drama|Thriller,116095,10988.0,https://image.tmdb.org/t/p/w500/zSW4A35r7Vpz0ainYJGb2QVwCh0.jpg
645,Nelly & Monsieur Arnaud (1995),Drama,113947,12652.0,https://image.tmdb.org/t/p/w500/87kKTPi9r7YIVrlo9Z42NwTXBVi.jpg
647,Courage Under Fire (1996),Action|Crime|Drama|War,115956,10684.0,https://image.tmdb.org/t/p/w500/vDJurMJkrx049AiXa3DJx5Zx7a4.jpg
648,Mission: Impossible (1996),Action|Adventure|Mystery|Thriller,117060,954.0,https://image.tmdb.org/t/p/w500/l5uxY5m5OInWpcExIpKG6AR3rgL.jpg
649,Cold Fever (Á köldum klaka) (1995),Comedy|Drama,109028,68445.0,https://image.tmdb.org/t/p/w500/hFqI4uEViGZWPzebAm0gFs63Ewp.jpg
650,Moll Flanders (1996),Drama,117071,18989.0,https://image.tmdb.org/t/p/w500/lHVpzsvjLU7qSCB8UWFqIAavSRu.jpg
653,Dragonheart (1996),Action|Adventure|Fantasy,116136,8840.0,https://image.tmdb.org/t/p/w500/5ciO16x4LQ7uhy854YHvQuQvHU9.jpg
656,Eddie (1996),Comedy,116168,11107.0,https://image.tmdb.org/t/p/w500/1pb3lvOd5dQrByeJwyCHCKrFeva.jpg
661,James and the Giant Peach (1996),Adventure|Animation|Children|Fantasy|Musical,116683,10539.0,https://image.tmdb.org/t/p/w500/nl2oB6EbD1fHFuP2TLUHDtqs7Ux.jpg
662,Fear (1996),Thriller,116287,10543.0,https://image.tmdb.org/t/p/w500/mUVTKyDGKgpSF41PEsrrXDzBhSo.jpg
663,Kids in the Hall: Brain Candy (1996),Comedy,116768,18414.0,https://image.tmdb.org/t/p/w500/j7LYkIa2KC98ZqZmFIjEmtvlv87.jpg
665,Underground (1995),Comedy|Drama|War,114787,11902.0,https://image.tmdb.org/t/p/w500/h8N6y13t4VusrDdH5PzTkwvBvgN.jpg
667,Bloodsport 2 (a.k.a. Bloodsport II: The Next Kumite) (1996),Action,112536,25087.0,https://image.tmdb.org/t/p/w500/xVfSGAbOK4FucTwkYrXJjeBFqv4.jpg
668,Song of the Little Road (Pather Panchali) (1955),Drama,48473,5801.0,https://image.tmdb.org/t/p/w500/2pZR9zmUzsblDLE5ndBe57ScqIi.jpg
670,"World of Apu, The (Apur Sansar) (1959)",Drama,52572,896.0,https://image.tmdb.org/t/p/w500/6Tz1Q69o2n3Zwb0ZffzPL0nFt2T.jpg
671,Mystery Science Theater 3000: The Movie (1996),Comedy|Sci-Fi,117128,3065.0,https://image.tmdb.org/t/p/w500/tlakU3uwNiUgd7aOlb2RoAsGTnY.jpg
673,Space Jam (1996),Adventure|Animation|Children|Comedy|Fantasy|Sci-Fi,117705,2300.0,https://image.tmdb.org/t/p/w500/4RN5El3Pj2W4gpwgiAGLVfSJv2g.jpg
674,Barbarella (1968),Adventure|Comedy|Sci-Fi,62711,8069.0,https://image.tmdb.org/t/p/w500/kfaRSR3geV3I65icyHWBBEsE9u.jpg
678,Some Folks Call It a Sling Blade (1993),Drama|Thriller,108181,27768.0,https://image.tmdb.org/t/p/w500/fRK5Mro9hBpwIlm0d0K6dC0vC0n.jpg
679,"Run of the Country, The (1995)",Drama,114307,221917.0,https://image.tmdb.org/t/p/w500/ArlhiYSVjDeJKSl1qfCNdQH3DMW.jpg
680,"Alphaville (Alphaville, une étrange aventure de Lemmy Caution) (1965)",Drama|Mystery|Romance|Sci-Fi|Thriller,58898,8072.0,https://image.tmdb.org/t/p/w500/fFJP3D5fJDFxN7ChqSye1DZ0fTL.jpg
685,It's My Party (1996),Drama,113443,33245.0,https://image.tmdb.org/t/p/w500/ltrjg99gc3bA3P5E6WaIbGMxWHS.jpg
688,Operation Dumbo Drop (1995),Action|Adventure|Comedy|War,114048,27281.0,https://image.tmdb.org/t/p/w500/nfHqQ48aJyxDALQZxTXuN7d2QuX.jpg
691,Mrs. Winterbourne (1996),Comedy|Romance,117104,40001.0,https://image.tmdb.org/t/p/w500/2JlRKnF6qQdCRKRWgXcgPUHMPGv.jpg
692,Solo (1996),Action|Sci-Fi|Thriller,117688,29621.0,https://image.tmdb.org/t/p/w500/hmlQkosTapaJfcjQwFzlKslloZt.jpg
694,"Substitute, The (1996)",Action|Crime|Drama,117774,20762.0,https://image.tmdb.org/t/p/w500/jlhe2SKWqW3F7BEQl3sOkgXLtkW.jpg
695,True Crime (1996),Mystery|Thriller,114736,37144.0,https://image.tmdb.org/t/p/w500/nPYe83tWVSwVFRyWa6f5aaE7bbu.jpg
697,Feeling Minnesota (1996),Drama|Romance,116289,12656.0,https://image.tmdb.org/t/p/w500/fCJ5eUZw6mGS53spQxGUu7rzFm1.jpg
698,Delta of Venus (1995),Drama,109593,38867.0,https://image.tmdb.org/t/p/w500/j43W5XkXR7u7uVAvfniEXiQ3Bpv.jpg
700,Angus (1995),Comedy,112368,25969.0,https://image.tmdb.org/t/p/w500/x1Py4TB8Y0Wx9IZ62derpSDqwjd.jpg
703,Boys (1996),Drama,115742,43634.0,https://image.tmdb.org/t/p/w500/kxpLUlvqptToQbLZJbQ7YO4MUAe.jpg
704,"Quest, The (1996)",Action|Adventure,117420,9103.0,https://image.tmdb.org/t/p/w500/xMDo0ewl6XMZei44UNGMfho6eBq.jpg
706,Sunset Park (1996),Drama,117784,29649.0,https://image.tmdb.org/t/p/w500/rkt8cYfOV6vcqlDbut7jak9qaPh.jpg
707,Mulholland Falls (1996),Crime|Drama|Thriller,117107,10990.0,https://image.tmdb.org/t/p/w500/tT5rYDXloX5ZxISr8HdlRC9TBcP.jpg
708,"Truth About Cats & Dogs, The (1996)",Comedy|Romance,117979,8866.0,https://image.tmdb.org/t/p/w500/5V10mg1rAbwWYNF6IjnEYokIR8f.jpg
709,Oliver & Company (1988),Adventure|Animation|Children|Comedy|Musical,95776,12233.0,https://image.tmdb.org/t/p/w500/x8XqdiZ0Oxu5iXF9SiFub9Lae8J.jpg
710,Celtic Pride (1996),Comedy,115851,23449.0,https://image.tmdb.org/t/p/w500/5P3p9I2ADnTbBdIAl4ZUeUXGuIi.jpg
711,Flipper (1996),Adventure|Children,116322,36355.0,https://image.tmdb.org/t/p/w500/kbsePEyGVpbf3R3vn7yLVnB2lTO.jpg
714,Dead Man (1995),Drama|Mystery|Western,112817,922.0,https://image.tmdb.org/t/p/w500/dOvHDs2jlMYL1dMfbFabEwyBNWg.jpg
715,"Horseman on the Roof, The (Hussard sur le toit, Le) (1995)",Drama|Romance,113362,11876.0,https://image.tmdb.org/t/p/w500/tsmwnxi8hGXQTNVqBRCAVsfeGON.jpg
718,"Visitors, The (Visiteurs, Les) (1993)",Comedy|Fantasy|Sci-Fi,108500,11687.0,https://image.tmdb.org/t/p/w500/iBsuPhz0pwWgtOhe4ysqFjwNk3t.jpg
719,Multiplicity (1996),Comedy,117108,9304.0,https://image.tmdb.org/t/p/w500/pvbpsWdvSChCiBa86hNnZVj0pNE.jpg
720,Wallace & Gromit: The Best of Aardman Animation (1996),Adventure|Animation|Comedy,118114,503475.0,https://image.tmdb.org/t/p/w500/tWkYclnnChwoMMBFECsEjd5hb77.jpg
722,"Haunted World of Edward D. Wood Jr., The (1996)",Documentary,113270,73183.0,https://image.tmdb.org/t/p/w500/1iHw2fqWftJDtIGgos2aiOR8anm.jpg
724,"Craft, The (1996)",Drama|Fantasy|Horror|Thriller,115963,9100.0,https://image.tmdb.org/t/p/w500/8bW2RdRkloYtEPhbQZN4wcdmJP4.jpg
725,"Great White Hype, The (1996)",Comedy,116448,20759.0,https://image.tmdb.org/t/p/w500/yEPiu0mC4NqMHOoFLsC6CxQW34d.jpg
726,Last Dance (1996),Drama,116827,46063.0,https://image.tmdb.org/t/p/w500/hsMe9TYfPs1VfpZs9xVLZBVGcES.jpg
728,Cold Comfort Farm (1995),Comedy,112701,32513.0,https://image.tmdb.org/t/p/w500/fkPm7MQhn3YqcRDM9qFDKNHiw7D.jpg
731,Heaven's Prisoners (1996),Crime|Thriller,116508,36915.0,https://image.tmdb.org/t/p/w500/yUWVNHA3dVc1CmxNIcXZWqbqWc8.jpg
733,"Rock, The (1996)",Action|Adventure|Thriller,117500,9802.0,https://image.tmdb.org/t/p/w500/j5mxLNWjUlXUUk8weFBtnF4afIR.jpg
735,Cemetery Man (Dellamorte Dellamore) (1994),Horror,109592,21588.0,https://image.tmdb.org/t/p/w500/cI5AV3jCuxmoQp0N7Z16SI2b7Xk.jpg
736,Twister (1996),Action|Adventure|Romance|Thriller,117998,664.0,https://image.tmdb.org/t/p/w500/fZ0Y2qSDKQJolrQhIDpTwx3GlYB.jpg
737,Barb Wire (1996),Action|Sci-Fi,115624,11867.0,https://image.tmdb.org/t/p/w500/jW5TLptY7PL1Mllq1g1uMjwXLXT.jpg
741,Ghost in the Shell (Kôkaku kidôtai) (1995),Animation|Sci-Fi,113568,9323.0,https://image.tmdb.org/t/p/w500/9gC88zYUBARRSThcG93MvW14sqx.jpg
742,Thinner (1996),Horror|Thriller,117894,10280.0,https://image.tmdb.org/t/p/w500/3GR7uE3zMwERu2CgwdgTbAufFzU.jpg
743,Spy Hard (1996),Comedy,117723,10535.0,https://image.tmdb.org/t/p/w500/yoegp9XEG4YCbJJKR0wvm0BGYpG.jpg
745,Wallace & Gromit: A Close Shave (1995),Animation|Children|Comedy,112691,532.0,https://image.tmdb.org/t/p/w500/qdIR27trLyrlJ5nmkbcG3Bomah6.jpg
747,"Stupids, The (1996)",Comedy,117768,16299.0,https://image.tmdb.org/t/p/w500/uR0EPkE66y2DU21NOZAu6xtfpQL.jpg
748,"Arrival, The (1996)",Action|Sci-Fi|Thriller,115571,10547.0,https://image.tmdb.org/t/p/w500/7ARbqk8SqABU8QqANvpJCpMQ5nj.jpg
750,Dr. Strangelove or: How I Learned to Stop Worrying and Love the Bomb (1964),Comedy|War,57012,935.0,https://image.tmdb.org/t/p/w500/7SixLzxcqezkZEYU8pcHZgbkmjp.jpg
757,Ashes of Time (Dung che sai duk) (1994),Drama,109688,40751.0,https://image.tmdb.org/t/p/w500/1I5EksYqL87d1dxvpci1YX95CS6.jpg
759,Maya Lin: A Strong Clear Vision (1994),Documentary,110480,85778.0,https://image.tmdb.org/t/p/w500/fqYvHdWNV84yF7zPV3ENHOZ2Jow.jpg
760,Stalingrad (1993),Drama|War,108211,11101.0,https://image.tmdb.org/t/p/w500/rB78VDAOK94KJWp9ofgE3GSQEor.jpg
761,"Phantom, The (1996)",Action|Adventure,117331,9826.0,https://image.tmdb.org/t/p/w500/8k8RSMkmGR9Lp6FbKtithM3KIQb.jpg
762,Striptease (1996),Comedy|Crime,117765,9879.0,https://image.tmdb.org/t/p/w500/edkpT3vgjEjVrF461AbIwZgkvC7.jpg
764,Heavy (1995),Drama|Romance,113280,22621.0,https://image.tmdb.org/t/p/w500/xo2KsY7hOHDqpgYlDStL56zmgaq.jpg
765,Jack (1996),Comedy|Drama,116669,7095.0,https://image.tmdb.org/t/p/w500/9ZklgGqTljzg9VxzumbVOC1UKAs.jpg
766,I Shot Andy Warhol (1996),Drama,116594,26890.0,https://image.tmdb.org/t/p/w500/eF4iTAjunicLQyc6AdF7JNwSBOC.jpg
773,Touki Bouki (1973),Drama,70820,77771.0,https://image.tmdb.org/t/p/w500/kcBYKHyg9GcQqa6DWq0AuQDhtPI.jpg
775,Spirits of the Dead (1968),Horror|Mystery,63715,41225.0,https://image.tmdb.org/t/p/w500/9HmCwfPG7URPSXSrmEAFN65VoWE.jpg
778,Trainspotting (1996),Comedy|Crime|Drama,117951,627.0,https://image.tmdb.org/t/p/w500/yKmmT0q35R4AfW9Rbq2IPVAPwk3.jpg
779,'Til There Was You (1997),Drama|Romance,118523,32872.0,https://image.tmdb.org/t/p/w500/ndbW89bKquf5gMXgncY2fCkrIa.jpg
780,Independence Day (a.k.a. ID4) (1996),Action|Adventure|Sci-Fi|Thriller,116629,602.0,https://image.tmdb.org/t/p/w500/p0BPQGSPoSa8Ml0DAf2mB2kCU0R.jpg
781,Stealing Beauty (1996),Drama,117737,14553.0,https://image.tmdb.org/t/p/w500/5ugxnyVmBK952bwOcE4M0szNimx.jpg
782,"Fan, The (1996)",Drama|Thriller,116277,9566.0,https://image.tmdb.org/t/p/w500/lu7CjP8YES5dJMCFg5O9o9jCkjl.jpg
783,"Hunchback of Notre Dame, The (1996)",Animation|Children|Drama|Musical|Romance,116583,10545.0,https://image.tmdb.org/t/p/w500/dNhZjiQ5jblNwhxrrXDt3ai9KXC.jpg
784,"Cable Guy, The (1996)",Comedy|Thriller,115798,9894.0,https://image.tmdb.org/t/p/w500/iLmtIWy64uIkxLyi0A0vyzFfn5f.jpg
785,Kingpin (1996),Comedy,116778,11543.0,https://image.tmdb.org/t/p/w500/axNjHHylLwT5oOahajqHtIEYZ10.jpg
786,Eraser (1996),Action|Drama|Thriller,116213,9268.0,https://image.tmdb.org/t/p/w500/1FUV5ZmEkbxvqwQW0az4tFFOSmo.jpg
788,"Nutty Professor, The (1996)",Comedy|Fantasy|Romance|Sci-Fi,117218,9327.0,https://image.tmdb.org/t/p/w500/fMtb5aZoLRNbMnCkatFsTmPRfl5.jpg
